Log file open, 05/09/26 16:32:08
LogWindows: Failed to load 'aqProf.dll' (GetLastError=126)
LogWindows: File 'aqProf.dll' does not exist
LogWindows: Failed to load 'VtuneApi.dll' (GetLastError=126)
LogWindows: File 'VtuneApi.dll' does not exist
LogWindows: Failed to load 'VtuneApi32e.dll' (GetLastError=126)
LogWindows: File 'VtuneApi32e.dll' does not exist
LogConsoleResponse: Display: Failed to find resolution value strings in scalability ini. Falling back to default.
LogConsoleResponse: Display: Failed to find resolution value strings in scalability ini. Falling back to default.
LogPakFile: Display: Found Pak file ../../../FSOnline/Content/Paks/FSOnline-WindowsNoEditor.pak attempting to mount.
LogPakFile: Display: Mounting pak file ../../../FSOnline/Content/Paks/FSOnline-WindowsNoEditor.pak.
LogPakFile: PakFile PrimaryIndexSize=90210
LogPakFile: PakFile PathHashIndexSize=58251
LogPakFile: PakFile FullDirectoryIndexSize=84040
LogShaderLibrary: Display: ShaderCodeLibraryPakFileMountedCallback: PakFile '../../../FSOnline/Content/Paks/FSOnline-WindowsNoEditor.pak' (chunk index -1, root '../../../') mounted
LogShaderLibrary: Display: ShaderCodeLibraryPakFileMountedCallback: pending pak file info (ChunkID:-1 Root:../../../ File:../../../FSOnline/Content/Paks/FSOnline-WindowsNoEditor.pak)
LogPakFile: OnPakFileMounted2Time == 0.000025
LogPlatformFile: Not using cached read wrapper
LogTaskGraph: Started task graph with 5 named threads and 47 total threads with 3 sets of task threads.
LogStats: Stats thread started at 0.066116
LogICUInternationalization: ICU TimeZone Detection - Raw Offset: +0:00, Platform Override: ''
LogInit: Display: Loading text-based GConfig....
LogPluginManager: Mounting plugin AirSim
LogPluginManager: Mounting plugin PhysXVehicles
LogPluginManager: Mounting plugin Paper2D
LogPluginManager: Mounting plugin AISupport
LogPluginManager: Mounting plugin EnvironmentQueryEditor
LogPluginManager: Mounting plugin LightPropagationVolume
LogPluginManager: Mounting plugin CameraShakePreviewer
LogPluginManager: Mounting plugin GameplayCameras
LogPluginManager: Mounting plugin TemplateSequence
LogPluginManager: Mounting plugin LevelSequenceEditor
LogPluginManager: Mounting plugin OodleData
LogPluginManager: Mounting plugin OodleNetwork
LogPluginManager: Mounting plugin AnimationSharing
LogPluginManager: Mounting plugin SignificanceManager
LogPluginManager: Mounting plugin PixWinPlugin
LogPluginManager: Mounting plugin PluginUtils
LogPluginManager: Mounting plugin PropertyAccessEditor
LogPluginManager: Mounting plugin UObjectPlugin
LogPluginManager: Mounting plugin AssetManagerEditor
LogPluginManager: Mounting plugin FacialAnimation
LogPluginManager: Mounting plugin GeometryMode
LogPluginManager: Mounting plugin SpeedTreeImporter
LogPluginManager: Mounting plugin DatasmithContent
LogPluginManager: Mounting plugin VariantManagerContent
LogPluginManager: Mounting plugin AlembicImporter
LogPluginManager: Mounting plugin GeometryCache
LogPluginManager: Mounting plugin AutomationUtils
LogPluginManager: Mounting plugin ScreenshotTools
LogPluginManager: Mounting plugin BackChannel
LogPluginManager: Mounting plugin ChaosClothEditor
LogPluginManager: Mounting plugin ChaosCloth
LogPluginManager: Mounting plugin ChaosEditor
LogPluginManager: Mounting plugin PlanarCut
LogPluginManager: Mounting plugin GeometryProcessing
LogPluginManager: Mounting plugin EditableMesh
LogPluginManager: Mounting plugin GeometryCollectionPlugin
LogPluginManager: Mounting plugin ProceduralMeshComponent
LogPluginManager: Mounting plugin ChaosSolverPlugin
LogPluginManager: Mounting plugin ChaosNiagara
LogPluginManager: Mounting plugin Niagara
LogPluginManager: Mounting plugin PythonScriptPlugin
LogPluginManager: Mounting plugin CharacterAI
LogPluginManager: Mounting plugin MotoSynth
LogPluginManager: Mounting plugin OpenImageDenoise
LogPluginManager: Mounting plugin PlatformCrypto
LogPluginManager: Mounting plugin MagicLeapPassableWorld
LogPluginManager: Mounting plugin MagicLeap
LogPluginManager: Mounting plugin MLSDK
LogPluginManager: Mounting plugin MagicLeapLightEstimation
LogPluginManager: Mounting plugin AvfMedia
LogPluginManager: Mounting plugin ImgMedia
LogPluginManager: Mounting plugin MediaCompositing
LogPluginManager: Mounting plugin WmfMedia
LogPluginManager: Mounting plugin MeshPainting
LogPluginManager: Mounting plugin TcpMessaging
LogPluginManager: Mounting plugin UdpMessaging
LogPluginManager: Mounting plugin ActorSequence
LogPluginManager: Mounting plugin MatineeToLevelSequence
LogPluginManager: Mounting plugin OnlineSubsystemNull
LogPluginManager: Mounting plugin OnlineSubsystem
LogPluginManager: Mounting plugin OnlineSubsystemUtils
LogPluginManager: Mounting plugin LauncherChunkInstaller
LogPluginManager: Mounting plugin ActorLayerUtilities
LogPluginManager: Mounting plugin AndroidPermission
LogPluginManager: Mounting plugin AppleImageUtils
LogPluginManager: Mounting plugin ArchVisCharacter
LogPluginManager: Mounting plugin AssetTags
LogPluginManager: Mounting plugin AudioCapture
LogPluginManager: Mounting plugin CableComponent
LogPluginManager: Mounting plugin ChunkDownloader
LogPluginManager: Mounting plugin CustomMeshComponent
LogPluginManager: Mounting plugin ExampleDeviceProfileSelector
LogPluginManager: Mounting plugin GooglePAD
LogPluginManager: Mounting plugin LocationServicesBPLibrary
LogPluginManager: Mounting plugin MobilePatchingUtils
LogPluginManager: Mounting plugin OpenXREyeTracker
LogPluginManager: Mounting plugin OpenXR
LogPluginManager: Mounting plugin OpenXRHandTracking
LogPluginManager: Mounting plugin LiveLink
LogPluginManager: Mounting plugin Takes
LogPluginManager: Mounting plugin RuntimePhysXCooking
LogPluginManager: Mounting plugin SoundFields
LogPluginManager: Mounting plugin Synthesis
LogPluginManager: Mounting plugin AudioSynesthesia
LogPluginManager: Mounting plugin WebMMoviePlayer
LogPluginManager: Mounting plugin WebMMedia
LogPluginManager: Mounting plugin WindowsMoviePlayer
PixWinPlugin: PIX capture plugin failed to initialize! Check that the process is launched from PIX.
LogLuminAPIImpl: Warning: MLSDK not found.  This likely means the MLSDK environment variable is not set.
LogInit: Using libcurl 7.55.1-DEV
LogInit:  - built for x86_64-pc-win32
LogInit:  - supports SSL with OpenSSL/1.1.1
LogInit:  - supports HTTP deflate (compression) using libz 1.2.8
LogInit:  - other features:
LogInit:      CURL_VERSION_SSL
LogInit:      CURL_VERSION_LIBZ
LogInit:      CURL_VERSION_IPV6
LogInit:      CURL_VERSION_ASYNCHDNS
LogInit:      CURL_VERSION_LARGEFILE
LogInit:      CURL_VERSION_IDN
LogInit:  CurlRequestOptions (configurable via config and command line):
LogInit:  - bVerifyPeer = true  - Libcurl will verify peer certificate
LogInit:  - bUseHttpProxy = false  - Libcurl will NOT use HTTP proxy
LogInit:  - bDontReuseConnections = false  - Libcurl will reuse connections
LogInit:  - MaxHostConnections = 16  - Libcurl will limit the number of connections to a host
LogInit:  - LocalHostAddr = Default
LogInit:  - BufferSize = 65536
LogOnline: OSS: Creating online subsystem instance for: NULL
LogInit: WinSock: version 1.1 (2.2), MaxSocks=32767, MaxUdp=65467
LogOnline: OSS: TryLoadSubsystemAndSetDefault: Loaded subsystem for module [NULL]
LogInit: Build: ++UE4+Release-4.27-CL-18319896
LogInit: Engine Version: 4.27.2-18319896+++UE4+Release-4.27
LogInit: Compatible Engine Version: 4.27.0-17155196+++UE4+Release-4.27
LogInit: Net CL: 17155196
LogInit: OS: Windows 10 (Release 2009) (), CPU: 13th Gen Intel(R) Core(TM) i7-13620H, GPU: Intel(R) UHD Graphics
LogInit: Compiled (64-bit): Nov 30 2021 07:26:28
LogInit: Compiled with Visual C++: 19.16.27032.01
LogInit: Build Configuration: Development
LogInit: Branch Name: ++UE4+Release-4.27
LogInit: Command Line: 
LogInit: Base Directory: C:/Users/ethan/FSDS/FSOnline/Binaries/Win64/
LogInit: Allocator: binned2
LogInit: Installed Engine Build: 0
LogDevObjectVersion: Number of dev versions registered: 29
LogDevObjectVersion:   Dev-Blueprints (B0D832E4-1F89-4F0D-ACCF-7EB736FD4AA2): 10
LogDevObjectVersion:   Dev-Build (E1C64328-A22C-4D53-A36C-8E866417BD8C): 0
LogDevObjectVersion:   Dev-Core (375EC13C-06E4-48FB-B500-84F0262A717E): 4
LogDevObjectVersion:   Dev-Editor (E4B068ED-F494-42E9-A231-DA0B2E46BB41): 40
LogDevObjectVersion:   Dev-Framework (CFFC743F-43B0-4480-9391-14DF171D2073): 37
LogDevObjectVersion:   Dev-Mobile (B02B49B5-BB20-44E9-A304-32B752E40360): 3
LogDevObjectVersion:   Dev-Networking (A4E4105C-59A1-49B5-A7C5-40C4547EDFEE): 0
LogDevObjectVersion:   Dev-Online (39C831C9-5AE6-47DC-9A44-9C173E1C8E7C): 0
LogDevObjectVersion:   Dev-Physics (78F01B33-EBEA-4F98-B9B4-84EACCB95AA2): 14
LogDevObjectVersion:   Dev-Platform (6631380F-2D4D-43E0-8009-CF276956A95A): 0
LogDevObjectVersion:   Dev-Rendering (12F88B9F-8875-4AFC-A67C-D90C383ABD29): 45
LogDevObjectVersion:   Dev-Sequencer (7B5AE74C-D270-4C10-A958-57980B212A5A): 13
LogDevObjectVersion:   Dev-VR (D7296918-1DD6-4BDD-9DE2-64A83CC13884): 3
LogDevObjectVersion:   Dev-LoadTimes (C2A15278-BFE7-4AFE-6C17-90FF531DF755): 1
LogDevObjectVersion:   Private-Geometry (6EACA3D4-40EC-4CC1-B786-8BED09428FC5): 3
LogDevObjectVersion:   Dev-AnimPhys (29E575DD-E0A3-4627-9D10-D276232CDCEA): 17
LogDevObjectVersion:   Dev-Anim (AF43A65D-7FD3-4947-9873-3E8ED9C1BB05): 15
LogDevObjectVersion:   Dev-ReflectionCapture (6B266CEC-1EC7-4B8F-A30B-E4D90942FC07): 1
LogDevObjectVersion:   Dev-Automation (0DF73D61-A23F-47EA-B727-89E90C41499A): 1
LogDevObjectVersion:   FortniteMain (601D1886-AC64-4F84-AA16-D3DE0DEAC7D6): 47
LogDevObjectVersion:   FortniteRelease (E7086368-6B23-4C58-8439-1B7016265E91): 1
LogDevObjectVersion:   Dev-Enterprise (9DFFBCD6-494F-0158-E221-12823C92A888): 10
LogDevObjectVersion:   Dev-Niagara (F2AED0AC-9AFE-416F-8664-AA7FFA26D6FC): 1
LogDevObjectVersion:   Dev-Destruction (174F1F0B-B4C6-45A5-B13F-2EE8D0FB917D): 10
LogDevObjectVersion:   Dev-Physics-Ext (35F94A83-E258-406C-A318-09F59610247C): 41
LogDevObjectVersion:   Dev-PhysicsMaterial-Chaos (B68FC16E-8B1B-42E2-B453-215C058844FE): 1
LogDevObjectVersion:   Dev-CineCamera (B2E18506-4273-CFC2-A54E-F4BB758BBA07): 1
LogDevObjectVersion:   Dev-VirtualProduction (64F58936-FD1B-42BA-BA96-7289D5D0FA4E): 1
LogDevObjectVersion:   Dev-MediaFramework (6F0ED827-A609-4895-9C91-998D90180EA4): 2
LogInit: Presizing for max 2097152 objects, including 1 objects not considered by GC, pre-allocating 0 bytes for permanent pool.
LogConfig: Applying CVar settings from Section [/Script/Engine.StreamingSettings] File [../../../FSOnline/Saved/Config/WindowsNoEditor/Engine.ini]
LogConfig: Setting CVar [[s.MinBulkDataSizeForAsyncLoading:131072]]
LogConfig: Setting CVar [[s.AsyncLoadingThreadEnabled:0]]
LogConfig: Setting CVar [[s.EventDrivenLoaderEnabled:1]]
LogConfig: Setting CVar [[s.WarnIfTimeLimitExceeded:0]]
LogConfig: Setting CVar [[s.TimeLimitExceededMultiplier:1.5]]
LogConfig: Setting CVar [[s.TimeLimitExceededMinTime:0.005]]
LogConfig: Setting CVar [[s.UseBackgroundLevelStreaming:1]]
LogConfig: Setting CVar [[s.PriorityAsyncLoadingExtraTime:15.0]]
LogConfig: Setting CVar [[s.LevelStreamingActorsUpdateTimeLimit:5.0]]
LogConfig: Setting CVar [[s.PriorityLevelStreamingActorsUpdateExtraTime:5.0]]
LogConfig: Setting CVar [[s.LevelStreamingComponentsRegistrationGranularity:10]]
LogConfig: Setting CVar [[s.UnregisterComponentsTimeLimit:1.0]]
LogConfig: Setting CVar [[s.LevelStreamingComponentsUnregistrationGranularity:5]]
LogConfig: Setting CVar [[s.FlushStreamingOnExit:1]]
LogStreaming: Display: Async Loading initialized: Event Driven Loader: true, Async Loading Thread: false, Async Post Load: true
LogInit: Object subsystem initialized
LogConfig: Setting CVar [[con.DebugEarlyDefault:1]]
LogConfig: Setting CVar [[r.setres:1280x720]]
LogConfig: Setting CVar [[fx.NiagaraAllowRuntimeScalabilityChanges:1]]
[2026.05.09-15.32.08:340][  0]LogConfig: Setting CVar [[con.DebugEarlyDefault:1]]
[2026.05.09-15.32.08:340][  0]LogConfig: Setting CVar [[r.setres:1280x720]]
[2026.05.09-15.32.08:340][  0]LogConfig: Setting CVar [[fx.NiagaraAllowRuntimeScalabilityChanges:1]]
[2026.05.09-15.32.08:340][  0]LogConfig: Applying CVar settings from Section [/Script/Engine.RendererSettings] File [../../../FSOnline/Saved/Config/WindowsNoEditor/Engine.ini]
[2026.05.09-15.32.08:340][  0]LogConfig: Setting CVar [[r.GPUCrashDebugging:0]]
[2026.05.09-15.32.08:340][  0]LogConfig: Applying CVar settings from Section [/Script/Engine.RendererOverrideSettings] File [../../../FSOnline/Saved/Config/WindowsNoEditor/Engine.ini]
[2026.05.09-15.32.08:340][  0]LogConfig: Applying CVar settings from Section [/Script/Engine.StreamingSettings] File [../../../FSOnline/Saved/Config/WindowsNoEditor/Engine.ini]
[2026.05.09-15.32.08:340][  0]LogConfig: Setting CVar [[s.MinBulkDataSizeForAsyncLoading:131072]]
[2026.05.09-15.32.08:340][  0]LogConfig: Setting CVar [[s.AsyncLoadingThreadEnabled:0]]
[2026.05.09-15.32.08:340][  0]LogConfig: Setting CVar [[s.EventDrivenLoaderEnabled:1]]
[2026.05.09-15.32.08:340][  0]LogConfig: Setting CVar [[s.WarnIfTimeLimitExceeded:0]]
[2026.05.09-15.32.08:340][  0]LogConfig: Setting CVar [[s.TimeLimitExceededMultiplier:1.5]]
[2026.05.09-15.32.08:340][  0]LogConfig: Setting CVar [[s.TimeLimitExceededMinTime:0.005]]
[2026.05.09-15.32.08:340][  0]LogConfig: Setting CVar [[s.UseBackgroundLevelStreaming:1]]
[2026.05.09-15.32.08:340][  0]LogConfig: Setting CVar [[s.PriorityAsyncLoadingExtraTime:15.0]]
[2026.05.09-15.32.08:340][  0]LogConfig: Setting CVar [[s.LevelStreamingActorsUpdateTimeLimit:5.0]]
[2026.05.09-15.32.08:340][  0]LogConfig: Setting CVar [[s.PriorityLevelStreamingActorsUpdateExtraTime:5.0]]
[2026.05.09-15.32.08:340][  0]LogConfig: Setting CVar [[s.LevelStreamingComponentsRegistrationGranularity:10]]
[2026.05.09-15.32.08:340][  0]LogConfig: Setting CVar [[s.UnregisterComponentsTimeLimit:1.0]]
[2026.05.09-15.32.08:340][  0]LogConfig: Setting CVar [[s.LevelStreamingComponentsUnregistrationGranularity:5]]
[2026.05.09-15.32.08:340][  0]LogConfig: Setting CVar [[s.FlushStreamingOnExit:1]]
[2026.05.09-15.32.08:340][  0]LogConfig: Applying CVar settings from Section [/Script/Engine.GarbageCollectionSettings] File [../../../FSOnline/Saved/Config/WindowsNoEditor/Engine.ini]
[2026.05.09-15.32.08:340][  0]LogConfig: Setting CVar [[gc.MaxObjectsNotConsideredByGC:1]]
[2026.05.09-15.32.08:340][  0]LogConfig: Setting CVar [[gc.SizeOfPermanentObjectPool:0]]
[2026.05.09-15.32.08:340][  0]LogConfig: Setting CVar [[gc.FlushStreamingOnGC:0]]
[2026.05.09-15.32.08:340][  0]LogConfig: Setting CVar [[gc.NumRetriesBeforeForcingGC:10]]
[2026.05.09-15.32.08:340][  0]LogConfig: Setting CVar [[gc.AllowParallelGC:1]]
[2026.05.09-15.32.08:340][  0]LogConfig: Setting CVar [[gc.TimeBetweenPurgingPendingKillObjects:61.1]]
[2026.05.09-15.32.08:340][  0]LogConfig: Setting CVar [[gc.MaxObjectsInEditor:25165824]]
[2026.05.09-15.32.08:340][  0]LogConfig: Setting CVar [[gc.IncrementalBeginDestroyEnabled:1]]
[2026.05.09-15.32.08:340][  0]LogConfig: Setting CVar [[gc.CreateGCClusters:1]]
[2026.05.09-15.32.08:340][  0]LogConfig: Setting CVar [[gc.MinGCClusterSize:5]]
[2026.05.09-15.32.08:340][  0]LogConfig: Setting CVar [[gc.ActorClusteringEnabled:0]]
[2026.05.09-15.32.08:340][  0]LogConfig: Setting CVar [[gc.BlueprintClusteringEnabled:0]]
[2026.05.09-15.32.08:340][  0]LogConfig: Setting CVar [[gc.UseDisregardForGCOnDedicatedServers:0]]
[2026.05.09-15.32.08:340][  0]LogConfig: Setting CVar [[gc.MultithreadedDestructionEnabled:1]]
[2026.05.09-15.32.08:340][  0]LogConfig: Applying CVar settings from Section [/Script/Engine.NetworkSettings] File [../../../FSOnline/Saved/Config/WindowsNoEditor/Engine.ini]
[2026.05.09-15.32.08:344][  0]LogConfig: Applying CVar settings from Section [ViewDistanceQuality@3] File [../../../FSOnline/Saved/Config/WindowsNoEditor/Scalability.ini]
[2026.05.09-15.32.08:344][  0]LogConfig: Setting CVar [[r.SkeletalMeshLODBias:0]]
[2026.05.09-15.32.08:344][  0]LogConfig: Setting CVar [[r.ViewDistanceScale:1.0]]
[2026.05.09-15.32.08:344][  0]LogConfig: Applying CVar settings from Section [AntiAliasingQuality@3] File [../../../FSOnline/Saved/Config/WindowsNoEditor/Scalability.ini]
[2026.05.09-15.32.08:344][  0]LogConfig: Setting CVar [[r.PostProcessAAQuality:4]]
[2026.05.09-15.32.08:344][  0]LogConfig: Applying CVar settings from Section [ShadowQuality@3] File [../../../FSOnline/Saved/Config/WindowsNoEditor/Scalability.ini]
[2026.05.09-15.32.08:344][  0]LogConfig: Setting CVar [[r.LightFunctionQuality:1]]
[2026.05.09-15.32.08:344][  0]LogConfig: Setting CVar [[r.ShadowQuality:5]]
[2026.05.09-15.32.08:344][  0]LogConfig: Setting CVar [[r.Shadow.CSM.MaxCascades:10]]
[2026.05.09-15.32.08:344][  0]LogConfig: Setting CVar [[r.Shadow.MaxResolution:2048]]
[2026.05.09-15.32.08:344][  0]LogConfig: Setting CVar [[r.Shadow.MaxCSMResolution:2048]]
[2026.05.09-15.32.08:344][  0]LogConfig: Setting CVar [[r.Shadow.RadiusThreshold:0.01]]
[2026.05.09-15.32.08:344][  0]LogConfig: Setting CVar [[r.Shadow.DistanceScale:1.0]]
[2026.05.09-15.32.08:344][  0]LogConfig: Setting CVar [[r.Shadow.CSM.TransitionScale:1.0]]
[2026.05.09-15.32.08:344][  0]LogConfig: Setting CVar [[r.Shadow.PreShadowResolutionFactor:1.0]]
[2026.05.09-15.32.08:344][  0]LogConfig: Setting CVar [[r.DistanceFieldShadowing:1]]
[2026.05.09-15.32.08:344][  0]LogConfig: Setting CVar [[r.DistanceFieldAO:1]]
[2026.05.09-15.32.08:344][  0]LogConfig: Setting CVar [[r.AOQuality:2]]
[2026.05.09-15.32.08:344][  0]LogConfig: Setting CVar [[r.VolumetricFog:1]]
[2026.05.09-15.32.08:344][  0]LogConfig: Setting CVar [[r.VolumetricFog.GridPixelSize:8]]
[2026.05.09-15.32.08:344][  0]LogConfig: Setting CVar [[r.VolumetricFog.GridSizeZ:128]]
[2026.05.09-15.32.08:344][  0]LogConfig: Setting CVar [[r.VolumetricFog.HistoryMissSupersampleCount:4]]
[2026.05.09-15.32.08:344][  0]LogConfig: Setting CVar [[r.LightMaxDrawDistanceScale:1]]
[2026.05.09-15.32.08:344][  0]LogConfig: Setting CVar [[r.CapsuleShadows:1]]
[2026.05.09-15.32.08:344][  0]LogConfig: Applying CVar settings from Section [PostProcessQuality@3] File [../../../FSOnline/Saved/Config/WindowsNoEditor/Scalability.ini]
[2026.05.09-15.32.08:344][  0]LogConfig: Setting CVar [[r.MotionBlurQuality:4]]
[2026.05.09-15.32.08:344][  0]LogConfig: Setting CVar [[r.AmbientOcclusionMipLevelFactor:0.4]]
[2026.05.09-15.32.08:344][  0]LogConfig: Setting CVar [[r.AmbientOcclusionMaxQuality:100]]
[2026.05.09-15.32.08:344][  0]LogConfig: Setting CVar [[r.AmbientOcclusionLevels:-1]]
[2026.05.09-15.32.08:344][  0]LogConfig: Setting CVar [[r.AmbientOcclusionRadiusScale:1.0]]
[2026.05.09-15.32.08:344][  0]LogConfig: Setting CVar [[r.DepthOfFieldQuality:2]]
[2026.05.09-15.32.08:344][  0]LogConfig: Setting CVar [[r.RenderTargetPoolMin:400]]
[2026.05.09-15.32.08:344][  0]LogConfig: Setting CVar [[r.LensFlareQuality:2]]
[2026.05.09-15.32.08:344][  0]LogConfig: Setting CVar [[r.SceneColorFringeQuality:1]]
[2026.05.09-15.32.08:344][  0]LogConfig: Setting CVar [[r.EyeAdaptationQuality:2]]
[2026.05.09-15.32.08:344][  0]LogConfig: Setting CVar [[r.BloomQuality:5]]
[2026.05.09-15.32.08:344][  0]LogConfig: Setting CVar [[r.FastBlurThreshold:100]]
[2026.05.09-15.32.08:344][  0]LogConfig: Setting CVar [[r.Upscale.Quality:3]]
[2026.05.09-15.32.08:344][  0]LogConfig: Setting CVar [[r.Tonemapper.GrainQuantization:1]]
[2026.05.09-15.32.08:344][  0]LogConfig: Setting CVar [[r.LightShaftQuality:1]]
[2026.05.09-15.32.08:344][  0]LogConfig: Setting CVar [[r.Filter.SizeScale:1]]
[2026.05.09-15.32.08:344][  0]LogConfig: Setting CVar [[r.Tonemapper.Quality:5]]
[2026.05.09-15.32.08:344][  0]LogConfig: Setting CVar [[r.DOF.Gather.AccumulatorQuality:1        ; higher gathering accumulator quality]]
[2026.05.09-15.32.08:344][  0]LogConfig: Setting CVar [[r.DOF.Gather.PostfilterMethod:1          ; Median3x3 postfilering method]]
[2026.05.09-15.32.08:344][  0]LogConfig: Setting CVar [[r.DOF.Gather.EnableBokehSettings:0       ; no bokeh simulation when gathering]]
[2026.05.09-15.32.08:344][  0]LogConfig: Setting CVar [[r.DOF.Gather.RingCount:4                 ; medium number of samples when gathering]]
[2026.05.09-15.32.08:344][  0]LogConfig: Setting CVar [[r.DOF.Scatter.ForegroundCompositing:1    ; additive foreground scattering]]
[2026.05.09-15.32.08:344][  0]LogConfig: Setting CVar [[r.DOF.Scatter.BackgroundCompositing:2    ; additive background scattering]]
[2026.05.09-15.32.08:344][  0]LogConfig: Setting CVar [[r.DOF.Scatter.EnableBokehSettings:1      ; bokeh simulation when scattering]]
[2026.05.09-15.32.08:344][  0]LogConfig: Setting CVar [[r.DOF.Scatter.MaxSpriteRatio:0.1         ; only a maximum of 10% of scattered bokeh]]
[2026.05.09-15.32.08:344][  0]LogConfig: Setting CVar [[r.DOF.Recombine.Quality:1                ; cheap slight out of focus]]
[2026.05.09-15.32.08:344][  0]LogConfig: Setting CVar [[r.DOF.Recombine.EnableBokehSettings:0    ; no bokeh simulation on slight out of focus]]
[2026.05.09-15.32.08:344][  0]LogConfig: Setting CVar [[r.DOF.TemporalAAQuality:1                ; more stable temporal accumulation]]
[2026.05.09-15.32.08:344][  0]LogConfig: Setting CVar [[r.DOF.Kernel.MaxForegroundRadius:0.025]]
[2026.05.09-15.32.08:344][  0]LogConfig: Setting CVar [[r.DOF.Kernel.MaxBackgroundRadius:0.025]]
[2026.05.09-15.32.08:344][  0]LogConfig: Applying CVar settings from Section [TextureQuality@3] File [../../../FSOnline/Saved/Config/WindowsNoEditor/Scalability.ini]
[2026.05.09-15.32.08:344][  0]LogConfig: Setting CVar [[r.Streaming.MipBias:0]]
[2026.05.09-15.32.08:344][  0]LogConfig: Setting CVar [[r.Streaming.AmortizeCPUToGPUCopy:0]]
[2026.05.09-15.32.08:344][  0]LogConfig: Setting CVar [[r.Streaming.MaxNumTexturesToStreamPerFrame:0]]
[2026.05.09-15.32.08:344][  0]LogConfig: Setting CVar [[r.Streaming.Boost:1]]
[2026.05.09-15.32.08:344][  0]LogConfig: Setting CVar [[r.MaxAnisotropy:8]]
[2026.05.09-15.32.08:344][  0]LogConfig: Setting CVar [[r.VT.MaxAnisotropy:8]]
[2026.05.09-15.32.08:344][  0]LogConfig: Setting CVar [[r.Streaming.LimitPoolSizeToVRAM:0]]
[2026.05.09-15.32.08:344][  0]LogConfig: Setting CVar [[r.Streaming.PoolSize:1000]]
[2026.05.09-15.32.08:346][  0]LogConfig: Setting CVar [[r.Streaming.MaxEffectiveScreenSize:0]]
[2026.05.09-15.32.08:346][  0]LogConfig: Applying CVar settings from Section [EffectsQuality@3] File [../../../FSOnline/Saved/Config/WindowsNoEditor/Scalability.ini]
[2026.05.09-15.32.08:346][  0]LogConfig: Setting CVar [[r.TranslucencyLightingVolumeDim:64]]
[2026.05.09-15.32.08:346][  0]LogConfig: Setting CVar [[r.RefractionQuality:2]]
[2026.05.09-15.32.08:346][  0]LogConfig: Setting CVar [[r.SSR.Quality:3]]
[2026.05.09-15.32.08:346][  0]LogConfig: Setting CVar [[r.SSR.HalfResSceneColor:0]]
[2026.05.09-15.32.08:346][  0]LogConfig: Setting CVar [[r.SceneColorFormat:4]]
[2026.05.09-15.32.08:346][  0]LogConfig: Setting CVar [[r.DetailMode:2]]
[2026.05.09-15.32.08:346][  0]LogConfig: Setting CVar [[r.TranslucencyVolumeBlur:1]]
[2026.05.09-15.32.08:346][  0]LogConfig: Setting CVar [[r.MaterialQualityLevel:1 ; High quality]]
[2026.05.09-15.32.08:346][  0]LogConfig: Setting CVar [[r.AnisotropicMaterials:1]]
[2026.05.09-15.32.08:346][  0]LogConfig: Setting CVar [[r.SSS.Scale:1]]
[2026.05.09-15.32.08:346][  0]LogConfig: Setting CVar [[r.SSS.SampleSet:2]]
[2026.05.09-15.32.08:346][  0]LogConfig: Setting CVar [[r.SSS.Quality:1]]
[2026.05.09-15.32.08:346][  0]LogConfig: Setting CVar [[r.SSS.HalfRes:0]]
[2026.05.09-15.32.08:346][  0]LogConfig: Setting CVar [[r.SSGI.Quality:3]]
[2026.05.09-15.32.08:346][  0]LogConfig: Setting CVar [[r.EmitterSpawnRateScale:1.0]]
[2026.05.09-15.32.08:346][  0]LogConfig: Setting CVar [[r.ParticleLightQuality:2]]
[2026.05.09-15.32.08:346][  0]LogConfig: Setting CVar [[r.SkyAtmosphere.AerialPerspectiveLUT.FastApplyOnOpaque:1 ; Always have FastSkyLUT 1 in this case to avoid wrong sky]]
[2026.05.09-15.32.08:346][  0]LogConfig: Setting CVar [[r.SkyAtmosphere.AerialPerspectiveLUT.SampleCountMaxPerSlice:4]]
[2026.05.09-15.32.08:346][  0]LogConfig: Setting CVar [[r.SkyAtmosphere.AerialPerspectiveLUT.DepthResolution:16.0]]
[2026.05.09-15.32.08:346][  0]LogConfig: Setting CVar [[r.SkyAtmosphere.FastSkyLUT:1]]
[2026.05.09-15.32.08:346][  0]LogConfig: Setting CVar [[r.SkyAtmosphere.FastSkyLUT.SampleCountMin:4.0]]
[2026.05.09-15.32.08:346][  0]LogConfig: Setting CVar [[r.SkyAtmosphere.FastSkyLUT.SampleCountMax:128.0]]
[2026.05.09-15.32.08:346][  0]LogConfig: Setting CVar [[r.SkyAtmosphere.SampleCountMin:4.0]]
[2026.05.09-15.32.08:346][  0]LogConfig: Setting CVar [[r.SkyAtmosphere.SampleCountMax:128.0]]
[2026.05.09-15.32.08:346][  0]LogConfig: Setting CVar [[r.SkyAtmosphere.TransmittanceLUT.UseSmallFormat:0]]
[2026.05.09-15.32.08:346][  0]LogConfig: Setting CVar [[r.SkyAtmosphere.TransmittanceLUT.SampleCount:10.0]]
[2026.05.09-15.32.08:346][  0]LogConfig: Setting CVar [[r.SkyAtmosphere.MultiScatteringLUT.SampleCount:15.0]]
[2026.05.09-15.32.08:346][  0]LogConfig: Setting CVar [[r.SkyLight.RealTimeReflectionCapture:1]]
[2026.05.09-15.32.08:346][  0]LogConfig: Setting CVar [[fx.Niagara.QualityLevel:3]]
[2026.05.09-15.32.08:346][  0]LogConfig: Applying CVar settings from Section [FoliageQuality@3] File [../../../FSOnline/Saved/Config/WindowsNoEditor/Scalability.ini]
[2026.05.09-15.32.08:346][  0]LogConfig: Setting CVar [[foliage.DensityScale:1.0]]
[2026.05.09-15.32.08:346][  0]LogConfig: Setting CVar [[grass.DensityScale:1.0]]
[2026.05.09-15.32.08:346][  0]LogConfig: Applying CVar settings from Section [ShadingQuality@3] File [../../../FSOnline/Saved/Config/WindowsNoEditor/Scalability.ini]
[2026.05.09-15.32.08:346][  0]LogConfig: Setting CVar [[r.HairStrands.SkyLighting.IntegrationType:2]]
[2026.05.09-15.32.08:346][  0]LogConfig: Setting CVar [[r.HairStrands.SkyAO.SampleCount:4]]
[2026.05.09-15.32.08:346][  0]LogConfig: Setting CVar [[r.HairStrands.Visibility.MSAA.SamplePerPixel:4]]
[2026.05.09-15.32.08:346][  0]LogInit: Selected Device Profile: [WindowsNoEditor]
[2026.05.09-15.32.08:346][  0]LogInit: Applying CVar settings loaded from the selected device profile: [WindowsNoEditor]
[2026.05.09-15.32.08:346][  0]LogHAL: Display: Platform has ~ 16 GB [16865865728 / 17179869184 / 16], which maps to Larger [LargestMinGB=32, LargerMinGB=12, DefaultMinGB=8, SmallerMinGB=6, SmallestMinGB=0)
[2026.05.09-15.32.08:346][  0]LogInit: Going up to parent DeviceProfile [Windows]
[2026.05.09-15.32.08:346][  0]LogInit: Going up to parent DeviceProfile []
[2026.05.09-15.32.08:346][  0]LogConfig: Applying CVar settings from Section [ViewDistanceQuality@3] File [../../../FSOnline/Saved/Config/WindowsNoEditor/Scalability.ini]
[2026.05.09-15.32.08:346][  0]LogConfig: Setting CVar [[r.SkeletalMeshLODBias:0]]
[2026.05.09-15.32.08:346][  0]LogConfig: Setting CVar [[r.ViewDistanceScale:1.0]]
[2026.05.09-15.32.08:346][  0]LogConfig: Applying CVar settings from Section [AntiAliasingQuality@3] File [../../../FSOnline/Saved/Config/WindowsNoEditor/Scalability.ini]
[2026.05.09-15.32.08:346][  0]LogConfig: Setting CVar [[r.PostProcessAAQuality:4]]
[2026.05.09-15.32.08:346][  0]LogConfig: Applying CVar settings from Section [ShadowQuality@3] File [../../../FSOnline/Saved/Config/WindowsNoEditor/Scalability.ini]
[2026.05.09-15.32.08:346][  0]LogConfig: Setting CVar [[r.LightFunctionQuality:1]]
[2026.05.09-15.32.08:346][  0]LogConfig: Setting CVar [[r.ShadowQuality:5]]
[2026.05.09-15.32.08:346][  0]LogConfig: Setting CVar [[r.Shadow.CSM.MaxCascades:10]]
[2026.05.09-15.32.08:346][  0]LogConfig: Setting CVar [[r.Shadow.MaxResolution:2048]]
[2026.05.09-15.32.08:346][  0]LogConfig: Setting CVar [[r.Shadow.MaxCSMResolution:2048]]
[2026.05.09-15.32.08:346][  0]LogConfig: Setting CVar [[r.Shadow.RadiusThreshold:0.01]]
[2026.05.09-15.32.08:346][  0]LogConfig: Setting CVar [[r.Shadow.DistanceScale:1.0]]
[2026.05.09-15.32.08:346][  0]LogConfig: Setting CVar [[r.Shadow.CSM.TransitionScale:1.0]]
[2026.05.09-15.32.08:346][  0]LogConfig: Setting CVar [[r.Shadow.PreShadowResolutionFactor:1.0]]
[2026.05.09-15.32.08:346][  0]LogConfig: Setting CVar [[r.DistanceFieldShadowing:1]]
[2026.05.09-15.32.08:346][  0]LogConfig: Setting CVar [[r.DistanceFieldAO:1]]
[2026.05.09-15.32.08:346][  0]LogConfig: Setting CVar [[r.AOQuality:2]]
[2026.05.09-15.32.08:346][  0]LogConfig: Setting CVar [[r.VolumetricFog:1]]
[2026.05.09-15.32.08:346][  0]LogConfig: Setting CVar [[r.VolumetricFog.GridPixelSize:8]]
[2026.05.09-15.32.08:346][  0]LogConfig: Setting CVar [[r.VolumetricFog.GridSizeZ:128]]
[2026.05.09-15.32.08:346][  0]LogConfig: Setting CVar [[r.VolumetricFog.HistoryMissSupersampleCount:4]]
[2026.05.09-15.32.08:346][  0]LogConfig: Setting CVar [[r.LightMaxDrawDistanceScale:1]]
[2026.05.09-15.32.08:346][  0]LogConfig: Setting CVar [[r.CapsuleShadows:1]]
[2026.05.09-15.32.08:346][  0]LogConfig: Applying CVar settings from Section [PostProcessQuality@3] File [../../../FSOnline/Saved/Config/WindowsNoEditor/Scalability.ini]
[2026.05.09-15.32.08:346][  0]LogConfig: Setting CVar [[r.MotionBlurQuality:4]]
[2026.05.09-15.32.08:346][  0]LogConfig: Setting CVar [[r.AmbientOcclusionMipLevelFactor:0.4]]
[2026.05.09-15.32.08:346][  0]LogConfig: Setting CVar [[r.AmbientOcclusionMaxQuality:100]]
[2026.05.09-15.32.08:346][  0]LogConfig: Setting CVar [[r.AmbientOcclusionLevels:-1]]
[2026.05.09-15.32.08:346][  0]LogConfig: Setting CVar [[r.AmbientOcclusionRadiusScale:1.0]]
[2026.05.09-15.32.08:346][  0]LogConfig: Setting CVar [[r.DepthOfFieldQuality:2]]
[2026.05.09-15.32.08:346][  0]LogConfig: Setting CVar [[r.RenderTargetPoolMin:400]]
[2026.05.09-15.32.08:346][  0]LogConfig: Setting CVar [[r.LensFlareQuality:2]]
[2026.05.09-15.32.08:346][  0]LogConfig: Setting CVar [[r.SceneColorFringeQuality:1]]
[2026.05.09-15.32.08:346][  0]LogConfig: Setting CVar [[r.EyeAdaptationQuality:2]]
[2026.05.09-15.32.08:346][  0]LogConfig: Setting CVar [[r.BloomQuality:5]]
[2026.05.09-15.32.08:346][  0]LogConfig: Setting CVar [[r.FastBlurThreshold:100]]
[2026.05.09-15.32.08:346][  0]LogConfig: Setting CVar [[r.Upscale.Quality:3]]
[2026.05.09-15.32.08:346][  0]LogConfig: Setting CVar [[r.Tonemapper.GrainQuantization:1]]
[2026.05.09-15.32.08:346][  0]LogConfig: Setting CVar [[r.LightShaftQuality:1]]
[2026.05.09-15.32.08:346][  0]LogConfig: Setting CVar [[r.Filter.SizeScale:1]]
[2026.05.09-15.32.08:346][  0]LogConfig: Setting CVar [[r.Tonemapper.Quality:5]]
[2026.05.09-15.32.08:346][  0]LogConfig: Setting CVar [[r.DOF.Gather.AccumulatorQuality:1        ; higher gathering accumulator quality]]
[2026.05.09-15.32.08:346][  0]LogConfig: Setting CVar [[r.DOF.Gather.PostfilterMethod:1          ; Median3x3 postfilering method]]
[2026.05.09-15.32.08:346][  0]LogConfig: Setting CVar [[r.DOF.Gather.EnableBokehSettings:0       ; no bokeh simulation when gathering]]
[2026.05.09-15.32.08:346][  0]LogConfig: Setting CVar [[r.DOF.Gather.RingCount:4                 ; medium number of samples when gathering]]
[2026.05.09-15.32.08:346][  0]LogConfig: Setting CVar [[r.DOF.Scatter.ForegroundCompositing:1    ; additive foreground scattering]]
[2026.05.09-15.32.08:346][  0]LogConfig: Setting CVar [[r.DOF.Scatter.BackgroundCompositing:2    ; additive background scattering]]
[2026.05.09-15.32.08:346][  0]LogConfig: Setting CVar [[r.DOF.Scatter.EnableBokehSettings:1      ; bokeh simulation when scattering]]
[2026.05.09-15.32.08:346][  0]LogConfig: Setting CVar [[r.DOF.Scatter.MaxSpriteRatio:0.1         ; only a maximum of 10% of scattered bokeh]]
[2026.05.09-15.32.08:346][  0]LogConfig: Setting CVar [[r.DOF.Recombine.Quality:1                ; cheap slight out of focus]]
[2026.05.09-15.32.08:346][  0]LogConfig: Setting CVar [[r.DOF.Recombine.EnableBokehSettings:0    ; no bokeh simulation on slight out of focus]]
[2026.05.09-15.32.08:346][  0]LogConfig: Setting CVar [[r.DOF.TemporalAAQuality:1                ; more stable temporal accumulation]]
[2026.05.09-15.32.08:346][  0]LogConfig: Setting CVar [[r.DOF.Kernel.MaxForegroundRadius:0.025]]
[2026.05.09-15.32.08:346][  0]LogConfig: Setting CVar [[r.DOF.Kernel.MaxBackgroundRadius:0.025]]
[2026.05.09-15.32.08:346][  0]LogConfig: Applying CVar settings from Section [TextureQuality@3] File [../../../FSOnline/Saved/Config/WindowsNoEditor/Scalability.ini]
[2026.05.09-15.32.08:346][  0]LogConfig: Setting CVar [[r.Streaming.MipBias:0]]
[2026.05.09-15.32.08:346][  0]LogConfig: Setting CVar [[r.Streaming.AmortizeCPUToGPUCopy:0]]
[2026.05.09-15.32.08:346][  0]LogConfig: Setting CVar [[r.Streaming.MaxNumTexturesToStreamPerFrame:0]]
[2026.05.09-15.32.08:346][  0]LogConfig: Setting CVar [[r.Streaming.Boost:1]]
[2026.05.09-15.32.08:346][  0]LogConfig: Setting CVar [[r.MaxAnisotropy:8]]
[2026.05.09-15.32.08:346][  0]LogConfig: Setting CVar [[r.VT.MaxAnisotropy:8]]
[2026.05.09-15.32.08:346][  0]LogConfig: Setting CVar [[r.Streaming.LimitPoolSizeToVRAM:0]]
[2026.05.09-15.32.08:346][  0]LogConfig: Setting CVar [[r.Streaming.PoolSize:1000]]
[2026.05.09-15.32.08:346][  0]LogConfig: Setting CVar [[r.Streaming.MaxEffectiveScreenSize:0]]
[2026.05.09-15.32.08:346][  0]LogConfig: Applying CVar settings from Section [EffectsQuality@3] File [../../../FSOnline/Saved/Config/WindowsNoEditor/Scalability.ini]
[2026.05.09-15.32.08:346][  0]LogConfig: Setting CVar [[r.TranslucencyLightingVolumeDim:64]]
[2026.05.09-15.32.08:346][  0]LogConfig: Setting CVar [[r.RefractionQuality:2]]
[2026.05.09-15.32.08:346][  0]LogConfig: Setting CVar [[r.SSR.Quality:3]]
[2026.05.09-15.32.08:346][  0]LogConfig: Setting CVar [[r.SSR.HalfResSceneColor:0]]
[2026.05.09-15.32.08:346][  0]LogConfig: Setting CVar [[r.SceneColorFormat:4]]
[2026.05.09-15.32.08:346][  0]LogConfig: Setting CVar [[r.DetailMode:2]]
[2026.05.09-15.32.08:346][  0]LogConfig: Setting CVar [[r.TranslucencyVolumeBlur:1]]
[2026.05.09-15.32.08:346][  0]LogConfig: Setting CVar [[r.MaterialQualityLevel:1 ; High quality]]
[2026.05.09-15.32.08:346][  0]LogConfig: Setting CVar [[r.AnisotropicMaterials:1]]
[2026.05.09-15.32.08:346][  0]LogConfig: Setting CVar [[r.SSS.Scale:1]]
[2026.05.09-15.32.08:346][  0]LogConfig: Setting CVar [[r.SSS.SampleSet:2]]
[2026.05.09-15.32.08:346][  0]LogConfig: Setting CVar [[r.SSS.Quality:1]]
[2026.05.09-15.32.08:346][  0]LogConfig: Setting CVar [[r.SSS.HalfRes:0]]
[2026.05.09-15.32.08:346][  0]LogConfig: Setting CVar [[r.SSGI.Quality:3]]
[2026.05.09-15.32.08:346][  0]LogConfig: Setting CVar [[r.EmitterSpawnRateScale:1.0]]
[2026.05.09-15.32.08:346][  0]LogConfig: Setting CVar [[r.ParticleLightQuality:2]]
[2026.05.09-15.32.08:346][  0]LogConfig: Setting CVar [[r.SkyAtmosphere.AerialPerspectiveLUT.FastApplyOnOpaque:1 ; Always have FastSkyLUT 1 in this case to avoid wrong sky]]
[2026.05.09-15.32.08:346][  0]LogConfig: Setting CVar [[r.SkyAtmosphere.AerialPerspectiveLUT.SampleCountMaxPerSlice:4]]
[2026.05.09-15.32.08:346][  0]LogConfig: Setting CVar [[r.SkyAtmosphere.AerialPerspectiveLUT.DepthResolution:16.0]]
[2026.05.09-15.32.08:346][  0]LogConfig: Setting CVar [[r.SkyAtmosphere.FastSkyLUT:1]]
[2026.05.09-15.32.08:346][  0]LogConfig: Setting CVar [[r.SkyAtmosphere.FastSkyLUT.SampleCountMin:4.0]]
[2026.05.09-15.32.08:346][  0]LogConfig: Setting CVar [[r.SkyAtmosphere.FastSkyLUT.SampleCountMax:128.0]]
[2026.05.09-15.32.08:346][  0]LogConfig: Setting CVar [[r.SkyAtmosphere.SampleCountMin:4.0]]
[2026.05.09-15.32.08:346][  0]LogConfig: Setting CVar [[r.SkyAtmosphere.SampleCountMax:128.0]]
[2026.05.09-15.32.08:346][  0]LogConfig: Setting CVar [[r.SkyAtmosphere.TransmittanceLUT.UseSmallFormat:0]]
[2026.05.09-15.32.08:346][  0]LogConfig: Setting CVar [[r.SkyAtmosphere.TransmittanceLUT.SampleCount:10.0]]
[2026.05.09-15.32.08:346][  0]LogConfig: Setting CVar [[r.SkyAtmosphere.MultiScatteringLUT.SampleCount:15.0]]
[2026.05.09-15.32.08:346][  0]LogConfig: Setting CVar [[r.SkyLight.RealTimeReflectionCapture:1]]
[2026.05.09-15.32.08:346][  0]LogConfig: Setting CVar [[fx.Niagara.QualityLevel:3]]
[2026.05.09-15.32.08:346][  0]LogConfig: Applying CVar settings from Section [FoliageQuality@3] File [../../../FSOnline/Saved/Config/WindowsNoEditor/Scalability.ini]
[2026.05.09-15.32.08:346][  0]LogConfig: Setting CVar [[foliage.DensityScale:1.0]]
[2026.05.09-15.32.08:346][  0]LogConfig: Setting CVar [[grass.DensityScale:1.0]]
[2026.05.09-15.32.08:346][  0]LogConfig: Applying CVar settings from Section [ShadingQuality@3] File [../../../FSOnline/Saved/Config/WindowsNoEditor/Scalability.ini]
[2026.05.09-15.32.08:346][  0]LogConfig: Setting CVar [[r.HairStrands.SkyLighting.IntegrationType:2]]
[2026.05.09-15.32.08:346][  0]LogConfig: Setting CVar [[r.HairStrands.SkyAO.SampleCount:4]]
[2026.05.09-15.32.08:346][  0]LogConfig: Setting CVar [[r.HairStrands.Visibility.MSAA.SamplePerPixel:4]]
[2026.05.09-15.32.08:346][  0]LogConfig: Applying CVar settings from Section [Startup] File [../../../Engine/Config/ConsoleVariables.ini]
[2026.05.09-15.32.08:346][  0]LogConfig: Setting CVar [[r.ShaderDevelopmentMode:1]]
[2026.05.09-15.32.08:346][  0]LogConfig: Setting CVar [[r.XGEShaderCompile:0]]
[2026.05.09-15.32.08:346][  0]LogConfig: Setting CVar [[r.Shaders.AllowCompilingThroughWorkers:0]]
[2026.05.09-15.32.08:346][  0]LogConfig: Setting CVar [[net.UseAdaptiveNetUpdateFrequency:0]]
[2026.05.09-15.32.08:346][  0]LogConfig: Setting CVar [[p.chaos.AllowCreatePhysxBodies:1]]
[2026.05.09-15.32.08:346][  0]LogConfig: Setting CVar [[fx.SkipVectorVMBackendOptimizations:1]]
[2026.05.09-15.32.08:346][  0]LogConfig: Applying CVar settings from Section [ConsoleVariables] File [../../../FSOnline/Saved/Config/WindowsNoEditor/Engine.ini]
[2026.05.09-15.32.08:347][  0]LogInit: Computer: MSI
[2026.05.09-15.32.08:347][  0]LogInit: User: ethan
[2026.05.09-15.32.08:347][  0]LogInit: CPU Page size=4096, Cores=10
[2026.05.09-15.32.08:347][  0]LogInit: High frequency timer resolution =10.000000 MHz
[2026.05.09-15.32.08:347][  0]LogMemory: Memory total: Physical=15.7GB (16GB approx)
[2026.05.09-15.32.08:347][  0]LogMemory: Platform Memory Stats for WindowsNoEditor
[2026.05.09-15.32.08:347][  0]LogMemory: Process Physical Memory: 86.63 MB used, 86.63 MB peak
[2026.05.09-15.32.08:347][  0]LogMemory: Process Virtual Memory: 81.93 MB used, 81.93 MB peak
[2026.05.09-15.32.08:347][  0]LogMemory: Physical Memory: 10429.84 MB used,  5654.71 MB free, 16084.54 MB total
[2026.05.09-15.32.08:347][  0]LogMemory: Virtual Memory: 134206824.00 MB used,  10905.71 MB free, 134217728.00 MB total
[2026.05.09-15.32.08:348][  0]LogWindows: WindowsPlatformFeatures enabled
[2026.05.09-15.32.08:369][  0]LogInit: Physics initialised using underlying interface: PhysX
[2026.05.09-15.32.08:370][  0]LogInit: Using OS detected language (en-US).
[2026.05.09-15.32.08:370][  0]LogInit: Using OS detected locale (en-GB).
[2026.05.09-15.32.08:370][  0]LogTextLocalizationManager: No specific localization for 'en-US' exists, so the 'en' localization will be used.
[2026.05.09-15.32.08:391][  0]LogWindowsTextInputMethodSystem: Display: IME system deactivated.
[2026.05.09-15.32.08:397][  0]LogSlate: New Slate User Created.  User Index 0, Is Virtual User: 0
[2026.05.09-15.32.08:397][  0]LogSlate: Slate User Registered.  User Index 0, Is Virtual User: 0
[2026.05.09-15.32.08:407][  0]LogVulkanRHI: Loaded GFSDK_Aftermath_Lib.x64.dll
[2026.05.09-15.32.10:129][  0]LogVulkanRHI: Display: - Found 4 instance layers
[2026.05.09-15.32.10:129][  0]LogVulkanRHI: Display: * VK_LAYER_EOS_Overlay
[2026.05.09-15.32.10:129][  0]LogVulkanRHI: Display: * VK_LAYER_NV_optimus
[2026.05.09-15.32.10:129][  0]LogVulkanRHI: Display: * VK_LAYER_VALVE_steam_fossilize
[2026.05.09-15.32.10:129][  0]LogVulkanRHI: Display: * VK_LAYER_VALVE_steam_overlay
[2026.05.09-15.32.10:129][  0]LogVulkanRHI: Display: - Found 18 instance extensions
[2026.05.09-15.32.10:129][  0]LogVulkanRHI: Display: * VK_EXT_debug_report
[2026.05.09-15.32.10:129][  0]LogVulkanRHI: Display: * VK_EXT_debug_utils
[2026.05.09-15.32.10:129][  0]LogVulkanRHI: Display: * VK_EXT_direct_mode_display
[2026.05.09-15.32.10:129][  0]LogVulkanRHI: Display: * VK_EXT_swapchain_colorspace
[2026.05.09-15.32.10:129][  0]LogVulkanRHI: Display: * VK_KHR_device_group_creation
[2026.05.09-15.32.10:129][  0]LogVulkanRHI: Display: * VK_KHR_display
[2026.05.09-15.32.10:129][  0]LogVulkanRHI: Display: * VK_KHR_external_fence_capabilities
[2026.05.09-15.32.10:129][  0]LogVulkanRHI: Display: * VK_KHR_external_memory_capabilities
[2026.05.09-15.32.10:129][  0]LogVulkanRHI: Display: * VK_KHR_external_semaphore_capabilities
[2026.05.09-15.32.10:129][  0]LogVulkanRHI: Display: * VK_KHR_get_display_properties2
[2026.05.09-15.32.10:129][  0]LogVulkanRHI: Display: * VK_KHR_get_physical_device_properties2
[2026.05.09-15.32.10:129][  0]LogVulkanRHI: Display: * VK_KHR_get_surface_capabilities2
[2026.05.09-15.32.10:129][  0]LogVulkanRHI: Display: * VK_KHR_portability_enumeration
[2026.05.09-15.32.10:129][  0]LogVulkanRHI: Display: * VK_KHR_surface
[2026.05.09-15.32.10:129][  0]LogVulkanRHI: Display: * VK_KHR_surface_protected_capabilities
[2026.05.09-15.32.10:129][  0]LogVulkanRHI: Display: * VK_KHR_win32_surface
[2026.05.09-15.32.10:129][  0]LogVulkanRHI: Display: * VK_LUNARG_direct_driver_loading
[2026.05.09-15.32.10:129][  0]LogVulkanRHI: Display: * VK_NV_external_memory_capabilities
[2026.05.09-15.32.10:130][  0]LogHMD: Failed to enumerate extensions. Please check that you have a valid OpenXR runtime installed.
[2026.05.09-15.32.10:130][  0]LogVulkanRHI: Display: Not using instance layers
[2026.05.09-15.32.10:130][  0]LogVulkanRHI: Display: Using instance extensions
[2026.05.09-15.32.10:130][  0]LogVulkanRHI: Display: * VK_KHR_surface
[2026.05.09-15.32.10:130][  0]LogVulkanRHI: Display: * VK_KHR_win32_surface
[2026.05.09-15.32.10:130][  0]LogVulkanRHI: Display: * VK_KHR_get_surface_capabilities2
[2026.05.09-15.32.10:130][  0]LogVulkanRHI: Display: * VK_KHR_external_memory_capabilities
[2026.05.09-15.32.10:130][  0]LogVulkanRHI: Display: * VK_KHR_get_physical_device_properties2
[2026.05.09-15.32.10:279][  0]LogVulkanRHI: Display: Found 5 device(s)
[2026.05.09-15.32.10:279][  0]LogVulkanRHI: Display: Device 0: NVIDIA GeForce RTX 2050
[2026.05.09-15.32.10:279][  0]LogVulkanRHI: Display: - API 1.3.224(0x4030e0) Driver 0x84170000 VendorId 0x10de
[2026.05.09-15.32.10:279][  0]LogVulkanRHI: Display: - DeviceID 0x25a9 Type Discrete GPU
[2026.05.09-15.32.10:279][  0]LogVulkanRHI: Display: - Max Descriptor Sets Bound 32 Timestamps 1
[2026.05.09-15.32.10:279][  0]LogVulkanRHI: Display: - Device Properties driverName: NVIDIA
[2026.05.09-15.32.10:279][  0]LogVulkanRHI: Display: - Device Properties driverInfo: 528.92
[2026.05.09-15.32.10:279][  0]LogVulkanRHI: Display: -    Found device layer VK_LAYER_NV_optimus
[2026.05.09-15.32.10:279][  0]LogVulkanRHI: Display: -    Found device extension VK_EXT_4444_formats
[2026.05.09-15.32.10:279][  0]LogVulkanRHI: Display: -    Found device extension VK_EXT_attachment_feedback_loop_layout
[2026.05.09-15.32.10:279][  0]LogVulkanRHI: Display: -    Found device extension VK_EXT_blend_operation_advanced
[2026.05.09-15.32.10:279][  0]LogVulkanRHI: Display: -    Found device extension VK_EXT_border_color_swizzle
[2026.05.09-15.32.10:279][  0]LogVulkanRHI: Display: -    Found device extension VK_EXT_buffer_device_address
[2026.05.09-15.32.10:279][  0]LogVulkanRHI: Display: -    Found device extension VK_EXT_calibrated_timestamps
[2026.05.09-15.32.10:279][  0]LogVulkanRHI: Display: -    Found device extension VK_EXT_color_write_enable
[2026.05.09-15.32.10:279][  0]LogVulkanRHI: Display: -    Found device extension VK_EXT_conditional_rendering
[2026.05.09-15.32.10:279][  0]LogVulkanRHI: Display: -    Found device extension VK_EXT_conservative_rasterization
[2026.05.09-15.32.10:280][  0]LogVulkanRHI: Display: -    Found device extension VK_EXT_custom_border_color
[2026.05.09-15.32.10:280][  0]LogVulkanRHI: Display: -    Found device extension VK_EXT_depth_clip_control
[2026.05.09-15.32.10:280][  0]LogVulkanRHI: Display: -    Found device extension VK_EXT_depth_clip_enable
[2026.05.09-15.32.10:280][  0]LogVulkanRHI: Display: -    Found device extension VK_EXT_depth_range_unrestricted
[2026.05.09-15.32.10:280][  0]LogVulkanRHI: Display: -    Found device extension VK_EXT_descriptor_indexing
[2026.05.09-15.32.10:280][  0]LogVulkanRHI: Display: -    Found device extension VK_EXT_discard_rectangles
[2026.05.09-15.32.10:280][  0]LogVulkanRHI: Display: -    Found device extension VK_EXT_extended_dynamic_state
[2026.05.09-15.32.10:280][  0]LogVulkanRHI: Display: -    Found device extension VK_EXT_extended_dynamic_state2
[2026.05.09-15.32.10:280][  0]LogVulkanRHI: Display: -    Found device extension VK_EXT_external_memory_host
[2026.05.09-15.32.10:280][  0]LogVulkanRHI: Display: -    Found device extension VK_EXT_fragment_shader_interlock
[2026.05.09-15.32.10:280][  0]LogVulkanRHI: Display: -    Found device extension VK_EXT_full_screen_exclusive
[2026.05.09-15.32.10:280][  0]LogVulkanRHI: Display: -    Found device extension VK_EXT_global_priority
[2026.05.09-15.32.10:280][  0]LogVulkanRHI: Display: -    Found device extension VK_EXT_global_priority_query
[2026.05.09-15.32.10:280][  0]LogVulkanRHI: Display: -    Found device extension VK_EXT_graphics_pipeline_library
[2026.05.09-15.32.10:280][  0]LogVulkanRHI: Display: -    Found device extension VK_EXT_hdr_metadata
[2026.05.09-15.32.10:280][  0]LogVulkanRHI: Display: -    Found device extension VK_EXT_host_query_reset
[2026.05.09-15.32.10:280][  0]LogVulkanRHI: Display: -    Found device extension VK_EXT_image_2d_view_of_3d
[2026.05.09-15.32.10:280][  0]LogVulkanRHI: Display: -    Found device extension VK_EXT_image_robustness
[2026.05.09-15.32.10:280][  0]LogVulkanRHI: Display: -    Found device extension VK_EXT_image_view_min_lod
[2026.05.09-15.32.10:280][  0]LogVulkanRHI: Display: -    Found device extension VK_EXT_index_type_uint8
[2026.05.09-15.32.10:280][  0]LogVulkanRHI: Display: -    Found device extension VK_EXT_inline_uniform_block
[2026.05.09-15.32.10:280][  0]LogVulkanRHI: Display: -    Found device extension VK_EXT_line_rasterization
[2026.05.09-15.32.10:280][  0]LogVulkanRHI: Display: -    Found device extension VK_EXT_load_store_op_none
[2026.05.09-15.32.10:280][  0]LogVulkanRHI: Display: -    Found device extension VK_EXT_memory_budget
[2026.05.09-15.32.10:280][  0]LogVulkanRHI: Display: -    Found device extension VK_EXT_memory_priority
[2026.05.09-15.32.10:280][  0]LogVulkanRHI: Display: -    Found device extension VK_EXT_mesh_shader
[2026.05.09-15.32.10:280][  0]LogVulkanRHI: Display: -    Found device extension VK_EXT_multi_draw
[2026.05.09-15.32.10:280][  0]LogVulkanRHI: Display: -    Found device extension VK_EXT_mutable_descriptor_type
[2026.05.09-15.32.10:280][  0]LogVulkanRHI: Display: -    Found device extension VK_EXT_non_seamless_cube_map
[2026.05.09-15.32.10:280][  0]LogVulkanRHI: Display: -    Found device extension VK_EXT_opacity_micromap
[2026.05.09-15.32.10:280][  0]LogVulkanRHI: Display: -    Found device extension VK_EXT_pageable_device_local_memory
[2026.05.09-15.32.10:280][  0]LogVulkanRHI: Display: -    Found device extension VK_EXT_pci_bus_info
[2026.05.09-15.32.10:280][  0]LogVulkanRHI: Display: -    Found device extension VK_EXT_pipeline_creation_cache_control
[2026.05.09-15.32.10:280][  0]LogVulkanRHI: Display: -    Found device extension VK_EXT_pipeline_creation_feedback
[2026.05.09-15.32.10:280][  0]LogVulkanRHI: Display: -    Found device extension VK_EXT_pipeline_robustness
[2026.05.09-15.32.10:280][  0]LogVulkanRHI: Display: -    Found device extension VK_EXT_post_depth_coverage
[2026.05.09-15.32.10:280][  0]LogVulkanRHI: Display: -    Found device extension VK_EXT_primitive_topology_list_restart
[2026.05.09-15.32.10:280][  0]LogVulkanRHI: Display: -    Found device extension VK_EXT_primitives_generated_query
[2026.05.09-15.32.10:280][  0]LogVulkanRHI: Display: -    Found device extension VK_EXT_private_data
[2026.05.09-15.32.10:280][  0]LogVulkanRHI: Display: -    Found device extension VK_EXT_provoking_vertex
[2026.05.09-15.32.10:280][  0]LogVulkanRHI: Display: -    Found device extension VK_EXT_queue_family_foreign
[2026.05.09-15.32.10:280][  0]LogVulkanRHI: Display: -    Found device extension VK_EXT_robustness2
[2026.05.09-15.32.10:280][  0]LogVulkanRHI: Display: -    Found device extension VK_EXT_sample_locations
[2026.05.09-15.32.10:280][  0]LogVulkanRHI: Display: -    Found device extension VK_EXT_sampler_filter_minmax
[2026.05.09-15.32.10:280][  0]LogVulkanRHI: Display: -    Found device extension VK_EXT_scalar_block_layout
[2026.05.09-15.32.10:280][  0]LogVulkanRHI: Display: -    Found device extension VK_EXT_separate_stencil_usage
[2026.05.09-15.32.10:280][  0]LogVulkanRHI: Display: -    Found device extension VK_EXT_shader_atomic_float
[2026.05.09-15.32.10:280][  0]LogVulkanRHI: Display: -    Found device extension VK_EXT_shader_demote_to_helper_invocation
[2026.05.09-15.32.10:280][  0]LogVulkanRHI: Display: -    Found device extension VK_EXT_shader_image_atomic_int64
[2026.05.09-15.32.10:280][  0]LogVulkanRHI: Display: -    Found device extension VK_EXT_shader_module_identifier
[2026.05.09-15.32.10:280][  0]LogVulkanRHI: Display: -    Found device extension VK_EXT_shader_subgroup_ballot
[2026.05.09-15.32.10:280][  0]LogVulkanRHI: Display: -    Found device extension VK_EXT_shader_subgroup_vote
[2026.05.09-15.32.10:280][  0]LogVulkanRHI: Display: -    Found device extension VK_EXT_shader_viewport_index_layer
[2026.05.09-15.32.10:280][  0]LogVulkanRHI: Display: -    Found device extension VK_EXT_subgroup_size_control
[2026.05.09-15.32.10:280][  0]LogVulkanRHI: Display: -    Found device extension VK_EXT_texel_buffer_alignment
[2026.05.09-15.32.10:280][  0]LogVulkanRHI: Display: -    Found device extension VK_EXT_tooling_info
[2026.05.09-15.32.10:280][  0]LogVulkanRHI: Display: -    Found device extension VK_EXT_transform_feedback
[2026.05.09-15.32.10:280][  0]LogVulkanRHI: Display: -    Found device extension VK_EXT_vertex_attribute_divisor
[2026.05.09-15.32.10:280][  0]LogVulkanRHI: Display: -    Found device extension VK_EXT_vertex_input_dynamic_state
[2026.05.09-15.32.10:280][  0]LogVulkanRHI: Display: -    Found device extension VK_EXT_ycbcr_2plane_444_formats
[2026.05.09-15.32.10:280][  0]LogVulkanRHI: Display: -    Found device extension VK_EXT_ycbcr_image_arrays
[2026.05.09-15.32.10:280][  0]LogVulkanRHI: Display: -    Found device extension VK_KHR_16bit_storage
[2026.05.09-15.32.10:280][  0]LogVulkanRHI: Display: -    Found device extension VK_KHR_8bit_storage
[2026.05.09-15.32.10:280][  0]LogVulkanRHI: Display: -    Found device extension VK_KHR_acceleration_structure
[2026.05.09-15.32.10:280][  0]LogVulkanRHI: Display: -    Found device extension VK_KHR_bind_memory2
[2026.05.09-15.32.10:280][  0]LogVulkanRHI: Display: -    Found device extension VK_KHR_buffer_device_address
[2026.05.09-15.32.10:280][  0]LogVulkanRHI: Display: -    Found device extension VK_KHR_copy_commands2
[2026.05.09-15.32.10:280][  0]LogVulkanRHI: Display: -    Found device extension VK_KHR_create_renderpass2
[2026.05.09-15.32.10:280][  0]LogVulkanRHI: Display: -    Found device extension VK_KHR_dedicated_allocation
[2026.05.09-15.32.10:280][  0]LogVulkanRHI: Display: -    Found device extension VK_KHR_deferred_host_operations
[2026.05.09-15.32.10:280][  0]LogVulkanRHI: Display: -    Found device extension VK_KHR_depth_stencil_resolve
[2026.05.09-15.32.10:280][  0]LogVulkanRHI: Display: -    Found device extension VK_KHR_descriptor_update_template
[2026.05.09-15.32.10:280][  0]LogVulkanRHI: Display: -    Found device extension VK_KHR_device_group
[2026.05.09-15.32.10:280][  0]LogVulkanRHI: Display: -    Found device extension VK_KHR_draw_indirect_count
[2026.05.09-15.32.10:280][  0]LogVulkanRHI: Display: -    Found device extension VK_KHR_driver_properties
[2026.05.09-15.32.10:280][  0]LogVulkanRHI: Display: -    Found device extension VK_KHR_dynamic_rendering
[2026.05.09-15.32.10:280][  0]LogVulkanRHI: Display: -    Found device extension VK_KHR_external_fence
[2026.05.09-15.32.10:280][  0]LogVulkanRHI: Display: -    Found device extension VK_KHR_external_fence_win32
[2026.05.09-15.32.10:280][  0]LogVulkanRHI: Display: -    Found device extension VK_KHR_external_memory
[2026.05.09-15.32.10:280][  0]LogVulkanRHI: Display: -    Found device extension VK_KHR_external_memory_win32
[2026.05.09-15.32.10:280][  0]LogVulkanRHI: Display: -    Found device extension VK_KHR_external_semaphore
[2026.05.09-15.32.10:280][  0]LogVulkanRHI: Display: -    Found device extension VK_KHR_external_semaphore_win32
[2026.05.09-15.32.10:280][  0]LogVulkanRHI: Display: -    Found device extension VK_KHR_format_feature_flags2
[2026.05.09-15.32.10:280][  0]LogVulkanRHI: Display: -    Found device extension VK_KHR_fragment_shader_barycentric
[2026.05.09-15.32.10:280][  0]LogVulkanRHI: Display: -    Found device extension VK_KHR_fragment_shading_rate
[2026.05.09-15.32.10:280][  0]LogVulkanRHI: Display: -    Found device extension VK_KHR_get_memory_requirements2
[2026.05.09-15.32.10:280][  0]LogVulkanRHI: Display: -    Found device extension VK_KHR_global_priority
[2026.05.09-15.32.10:280][  0]LogVulkanRHI: Display: -    Found device extension VK_KHR_image_format_list
[2026.05.09-15.32.10:280][  0]LogVulkanRHI: Display: -    Found device extension VK_KHR_imageless_framebuffer
[2026.05.09-15.32.10:280][  0]LogVulkanRHI: Display: -    Found device extension VK_KHR_maintenance1
[2026.05.09-15.32.10:280][  0]LogVulkanRHI: Display: -    Found device extension VK_KHR_maintenance2
[2026.05.09-15.32.10:280][  0]LogVulkanRHI: Display: -    Found device extension VK_KHR_maintenance3
[2026.05.09-15.32.10:280][  0]LogVulkanRHI: Display: -    Found device extension VK_KHR_maintenance4
[2026.05.09-15.32.10:280][  0]LogVulkanRHI: Display: -    Found device extension VK_KHR_multiview
[2026.05.09-15.32.10:280][  0]LogVulkanRHI: Display: -    Found device extension VK_KHR_pipeline_executable_properties
[2026.05.09-15.32.10:280][  0]LogVulkanRHI: Display: -    Found device extension VK_KHR_pipeline_library
[2026.05.09-15.32.10:280][  0]LogVulkanRHI: Display: -    Found device extension VK_KHR_present_id
[2026.05.09-15.32.10:280][  0]LogVulkanRHI: Display: -    Found device extension VK_KHR_present_wait
[2026.05.09-15.32.10:280][  0]LogVulkanRHI: Display: -    Found device extension VK_KHR_push_descriptor
[2026.05.09-15.32.10:280][  0]LogVulkanRHI: Display: -    Found device extension VK_KHR_ray_query
[2026.05.09-15.32.10:280][  0]LogVulkanRHI: Display: -    Found device extension VK_KHR_ray_tracing_maintenance1
[2026.05.09-15.32.10:280][  0]LogVulkanRHI: Display: -    Found device extension VK_KHR_ray_tracing_pipeline
[2026.05.09-15.32.10:280][  0]LogVulkanRHI: Display: -    Found device extension VK_KHR_relaxed_block_layout
[2026.05.09-15.32.10:280][  0]LogVulkanRHI: Display: -    Found device extension VK_KHR_sampler_mirror_clamp_to_edge
[2026.05.09-15.32.10:280][  0]LogVulkanRHI: Display: -    Found device extension VK_KHR_sampler_ycbcr_conversion
[2026.05.09-15.32.10:280][  0]LogVulkanRHI: Display: -    Found device extension VK_KHR_separate_depth_stencil_layouts
[2026.05.09-15.32.10:280][  0]LogVulkanRHI: Display: -    Found device extension VK_KHR_shader_atomic_int64
[2026.05.09-15.32.10:280][  0]LogVulkanRHI: Display: -    Found device extension VK_KHR_shader_clock
[2026.05.09-15.32.10:280][  0]LogVulkanRHI: Display: -    Found device extension VK_KHR_shader_draw_parameters
[2026.05.09-15.32.10:280][  0]LogVulkanRHI: Display: -    Found device extension VK_KHR_shader_float16_int8
[2026.05.09-15.32.10:280][  0]LogVulkanRHI: Display: -    Found device extension VK_KHR_shader_float_controls
[2026.05.09-15.32.10:280][  0]LogVulkanRHI: Display: -    Found device extension VK_KHR_shader_integer_dot_product
[2026.05.09-15.32.10:280][  0]LogVulkanRHI: Display: -    Found device extension VK_KHR_shader_non_semantic_info
[2026.05.09-15.32.10:280][  0]LogVulkanRHI: Display: -    Found device extension VK_KHR_shader_subgroup_extended_types
[2026.05.09-15.32.10:280][  0]LogVulkanRHI: Display: -    Found device extension VK_KHR_shader_subgroup_uniform_control_flow
[2026.05.09-15.32.10:280][  0]LogVulkanRHI: Display: -    Found device extension VK_KHR_shader_terminate_invocation
[2026.05.09-15.32.10:280][  0]LogVulkanRHI: Display: -    Found device extension VK_KHR_spirv_1_4
[2026.05.09-15.32.10:280][  0]LogVulkanRHI: Display: -    Found device extension VK_KHR_storage_buffer_storage_class
[2026.05.09-15.32.10:280][  0]LogVulkanRHI: Display: -    Found device extension VK_KHR_swapchain
[2026.05.09-15.32.10:280][  0]LogVulkanRHI: Display: -    Found device extension VK_KHR_swapchain_mutable_format
[2026.05.09-15.32.10:280][  0]LogVulkanRHI: Display: -    Found device extension VK_KHR_synchronization2
[2026.05.09-15.32.10:280][  0]LogVulkanRHI: Display: -    Found device extension VK_KHR_timeline_semaphore
[2026.05.09-15.32.10:280][  0]LogVulkanRHI: Display: -    Found device extension VK_KHR_uniform_buffer_standard_layout
[2026.05.09-15.32.10:280][  0]LogVulkanRHI: Display: -    Found device extension VK_KHR_variable_pointers
[2026.05.09-15.32.10:280][  0]LogVulkanRHI: Display: -    Found device extension VK_KHR_vulkan_memory_model
[2026.05.09-15.32.10:280][  0]LogVulkanRHI: Display: -    Found device extension VK_KHR_win32_keyed_mutex
[2026.05.09-15.32.10:280][  0]LogVulkanRHI: Display: -    Found device extension VK_KHR_workgroup_memory_explicit_layout
[2026.05.09-15.32.10:280][  0]LogVulkanRHI: Display: -    Found device extension VK_KHR_zero_initialize_workgroup_memory
[2026.05.09-15.32.10:280][  0]LogVulkanRHI: Display: -    Found device extension VK_NV_acquire_winrt_display
[2026.05.09-15.32.10:280][  0]LogVulkanRHI: Display: -    Found device extension VK_NV_clip_space_w_scaling
[2026.05.09-15.32.10:280][  0]LogVulkanRHI: Display: -    Found device extension VK_NV_compute_shader_derivatives
[2026.05.09-15.32.10:280][  0]LogVulkanRHI: Display: -    Found device extension VK_NV_cooperative_matrix
[2026.05.09-15.32.10:280][  0]LogVulkanRHI: Display: -    Found device extension VK_NV_copy_memory_indirect
[2026.05.09-15.32.10:280][  0]LogVulkanRHI: Display: -    Found device extension VK_NV_corner_sampled_image
[2026.05.09-15.32.10:280][  0]LogVulkanRHI: Display: -    Found device extension VK_NV_coverage_reduction_mode
[2026.05.09-15.32.10:280][  0]LogVulkanRHI: Display: -    Found device extension VK_NV_cuda_kernel_launch
[2026.05.09-15.32.10:280][  0]LogVulkanRHI: Display: -    Found device extension VK_NV_dedicated_allocation
[2026.05.09-15.32.10:280][  0]LogVulkanRHI: Display: -    Found device extension VK_NV_dedicated_allocation_image_aliasing
[2026.05.09-15.32.10:280][  0]LogVulkanRHI: Display: -    Found device extension VK_NV_device_diagnostic_checkpoints
[2026.05.09-15.32.10:280][  0]LogVulkanRHI: Display: -    Found device extension VK_NV_device_diagnostics_config
[2026.05.09-15.32.10:280][  0]LogVulkanRHI: Display: -    Found device extension VK_NV_device_generated_commands
[2026.05.09-15.32.10:280][  0]LogVulkanRHI: Display: -    Found device extension VK_NV_external_memory
[2026.05.09-15.32.10:280][  0]LogVulkanRHI: Display: -    Found device extension VK_NV_external_memory_win32
[2026.05.09-15.32.10:280][  0]LogVulkanRHI: Display: -    Found device extension VK_NV_fill_rectangle
[2026.05.09-15.32.10:280][  0]LogVulkanRHI: Display: -    Found device extension VK_NV_fragment_coverage_to_color
[2026.05.09-15.32.10:280][  0]LogVulkanRHI: Display: -    Found device extension VK_NV_fragment_shader_barycentric
[2026.05.09-15.32.10:280][  0]LogVulkanRHI: Display: -    Found device extension VK_NV_fragment_shading_rate_enums
[2026.05.09-15.32.10:280][  0]LogVulkanRHI: Display: -    Found device extension VK_NV_framebuffer_mixed_samples
[2026.05.09-15.32.10:280][  0]LogVulkanRHI: Display: -    Found device extension VK_NV_geometry_shader_passthrough
[2026.05.09-15.32.10:280][  0]LogVulkanRHI: Display: -    Found device extension VK_NV_inherited_viewport_scissor
[2026.05.09-15.32.10:280][  0]LogVulkanRHI: Display: -    Found device extension VK_NV_linear_color_attachment
[2026.05.09-15.32.10:280][  0]LogVulkanRHI: Display: -    Found device extension VK_NV_memory_decompression
[2026.05.09-15.32.10:280][  0]LogVulkanRHI: Display: -    Found device extension VK_NV_mesh_shader
[2026.05.09-15.32.10:280][  0]LogVulkanRHI: Display: -    Found device extension VK_NV_optical_flow
[2026.05.09-15.32.10:281][  0]LogVulkanRHI: Display: -    Found device extension VK_NV_ray_tracing
[2026.05.09-15.32.10:281][  0]LogVulkanRHI: Display: -    Found device extension VK_NV_ray_tracing_invocation_reorder
[2026.05.09-15.32.10:281][  0]LogVulkanRHI: Display: -    Found device extension VK_NV_ray_tracing_motion_blur
[2026.05.09-15.32.10:281][  0]LogVulkanRHI: Display: -    Found device extension VK_NV_representative_fragment_test
[2026.05.09-15.32.10:281][  0]LogVulkanRHI: Display: -    Found device extension VK_NV_sample_mask_override_coverage
[2026.05.09-15.32.10:281][  0]LogVulkanRHI: Display: -    Found device extension VK_NV_scissor_exclusive
[2026.05.09-15.32.10:281][  0]LogVulkanRHI: Display: -    Found device extension VK_NV_shader_image_footprint
[2026.05.09-15.32.10:281][  0]LogVulkanRHI: Display: -    Found device extension VK_NV_shader_sm_builtins
[2026.05.09-15.32.10:281][  0]LogVulkanRHI: Display: -    Found device extension VK_NV_shader_subgroup_partitioned
[2026.05.09-15.32.10:281][  0]LogVulkanRHI: Display: -    Found device extension VK_NV_shading_rate_image
[2026.05.09-15.32.10:281][  0]LogVulkanRHI: Display: -    Found device extension VK_NV_viewport_array2
[2026.05.09-15.32.10:281][  0]LogVulkanRHI: Display: -    Found device extension VK_NV_viewport_swizzle
[2026.05.09-15.32.10:281][  0]LogVulkanRHI: Display: -    Found device extension VK_NV_win32_keyed_mutex
[2026.05.09-15.32.10:281][  0]LogVulkanRHI: Display: -    Found device extension VK_NVX_binary_import
[2026.05.09-15.32.10:281][  0]LogVulkanRHI: Display: -    Found device extension VK_NVX_image_view_handle
[2026.05.09-15.32.10:281][  0]LogVulkanRHI: Display: -    Found device extension VK_NVX_multiview_per_view_attributes
[2026.05.09-15.32.10:281][  0]LogVulkanRHI: Display: Device 1: Microsoft Direct3D12 (NVIDIA GeForce RTX 2050)
[2026.05.09-15.32.10:281][  0]LogVulkanRHI: Display: - API 1.2.340(0x402154) Driver 0x6800063 VendorId 0x10de
[2026.05.09-15.32.10:281][  0]LogVulkanRHI: Display: - DeviceID 0x25a9 Type Discrete GPU
[2026.05.09-15.32.10:281][  0]LogVulkanRHI: Display: - Max Descriptor Sets Bound 8 Timestamps 1
[2026.05.09-15.32.10:281][  0]LogVulkanRHI: Display: - Device Properties driverName: Dozen
[2026.05.09-15.32.10:281][  0]LogVulkanRHI: Display: - Device Properties driverInfo: Mesa 26.1.0-devel (git-219807d38d)
[2026.05.09-15.32.10:281][  0]LogVulkanRHI: Display: -    Found device layer VK_LAYER_NV_optimus
[2026.05.09-15.32.10:281][  0]LogVulkanRHI: Display: -    Found device extension VK_EXT_buffer_device_address
[2026.05.09-15.32.10:281][  0]LogVulkanRHI: Display: -    Found device extension VK_EXT_descriptor_indexing
[2026.05.09-15.32.10:281][  0]LogVulkanRHI: Display: -    Found device extension VK_EXT_external_memory_host
[2026.05.09-15.32.10:281][  0]LogVulkanRHI: Display: -    Found device extension VK_EXT_scalar_block_layout
[2026.05.09-15.32.10:281][  0]LogVulkanRHI: Display: -    Found device extension VK_EXT_separate_stencil_usage
[2026.05.09-15.32.10:281][  0]LogVulkanRHI: Display: -    Found device extension VK_EXT_shader_replicated_composites
[2026.05.09-15.32.10:281][  0]LogVulkanRHI: Display: -    Found device extension VK_EXT_shader_subgroup_ballot
[2026.05.09-15.32.10:281][  0]LogVulkanRHI: Display: -    Found device extension VK_EXT_shader_subgroup_vote
[2026.05.09-15.32.10:281][  0]LogVulkanRHI: Display: -    Found device extension VK_EXT_subgroup_size_control
[2026.05.09-15.32.10:281][  0]LogVulkanRHI: Display: -    Found device extension VK_EXT_vertex_attribute_divisor
[2026.05.09-15.32.10:281][  0]LogVulkanRHI: Display: -    Found device extension VK_KHR_16bit_storage
[2026.05.09-15.32.10:281][  0]LogVulkanRHI: Display: -    Found device extension VK_KHR_bind_memory2
[2026.05.09-15.32.10:281][  0]LogVulkanRHI: Display: -    Found device extension VK_KHR_buffer_device_address
[2026.05.09-15.32.10:281][  0]LogVulkanRHI: Display: -    Found device extension VK_KHR_create_renderpass2
[2026.05.09-15.32.10:281][  0]LogVulkanRHI: Display: -    Found device extension VK_KHR_dedicated_allocation
[2026.05.09-15.32.10:281][  0]LogVulkanRHI: Display: -    Found device extension VK_KHR_depth_stencil_resolve
[2026.05.09-15.32.10:281][  0]LogVulkanRHI: Display: -    Found device extension VK_KHR_descriptor_update_template
[2026.05.09-15.32.10:281][  0]LogVulkanRHI: Display: -    Found device extension VK_KHR_device_group
[2026.05.09-15.32.10:281][  0]LogVulkanRHI: Display: -    Found device extension VK_KHR_draw_indirect_count
[2026.05.09-15.32.10:281][  0]LogVulkanRHI: Display: -    Found device extension VK_KHR_driver_properties
[2026.05.09-15.32.10:281][  0]LogVulkanRHI: Display: -    Found device extension VK_KHR_dynamic_rendering
[2026.05.09-15.32.10:281][  0]LogVulkanRHI: Display: -    Found device extension VK_KHR_external_memory
[2026.05.09-15.32.10:281][  0]LogVulkanRHI: Display: -    Found device extension VK_KHR_external_memory_win32
[2026.05.09-15.32.10:281][  0]LogVulkanRHI: Display: -    Found device extension VK_KHR_external_semaphore
[2026.05.09-15.32.10:281][  0]LogVulkanRHI: Display: -    Found device extension VK_KHR_external_semaphore_win32
[2026.05.09-15.32.10:281][  0]LogVulkanRHI: Display: -    Found device extension VK_KHR_get_memory_requirements2
[2026.05.09-15.32.10:281][  0]LogVulkanRHI: Display: -    Found device extension VK_KHR_image_format_list
[2026.05.09-15.32.10:281][  0]LogVulkanRHI: Display: -    Found device extension VK_KHR_imageless_framebuffer
[2026.05.09-15.32.10:281][  0]LogVulkanRHI: Display: -    Found device extension VK_KHR_maintenance1
[2026.05.09-15.32.10:281][  0]LogVulkanRHI: Display: -    Found device extension VK_KHR_maintenance2
[2026.05.09-15.32.10:281][  0]LogVulkanRHI: Display: -    Found device extension VK_KHR_maintenance3
[2026.05.09-15.32.10:281][  0]LogVulkanRHI: Display: -    Found device extension VK_KHR_multiview
[2026.05.09-15.32.10:281][  0]LogVulkanRHI: Display: -    Found device extension VK_KHR_relaxed_block_layout
[2026.05.09-15.32.10:281][  0]LogVulkanRHI: Display: -    Found device extension VK_KHR_sampler_mirror_clamp_to_edge
[2026.05.09-15.32.10:281][  0]LogVulkanRHI: Display: -    Found device extension VK_KHR_separate_depth_stencil_layouts
[2026.05.09-15.32.10:281][  0]LogVulkanRHI: Display: -    Found device extension VK_KHR_shader_draw_parameters
[2026.05.09-15.32.10:281][  0]LogVulkanRHI: Display: -    Found device extension VK_KHR_shader_expect_assume
[2026.05.09-15.32.10:281][  0]LogVulkanRHI: Display: -    Found device extension VK_KHR_shader_float16_int8
[2026.05.09-15.32.10:281][  0]LogVulkanRHI: Display: -    Found device extension VK_KHR_shader_float_controls
[2026.05.09-15.32.10:281][  0]LogVulkanRHI: Display: -    Found device extension VK_KHR_shader_integer_dot_product
[2026.05.09-15.32.10:281][  0]LogVulkanRHI: Display: -    Found device extension VK_KHR_spirv_1_4
[2026.05.09-15.32.10:281][  0]LogVulkanRHI: Display: -    Found device extension VK_KHR_storage_buffer_storage_class
[2026.05.09-15.32.10:281][  0]LogVulkanRHI: Display: -    Found device extension VK_KHR_swapchain
[2026.05.09-15.32.10:281][  0]LogVulkanRHI: Display: -    Found device extension VK_KHR_synchronization2
[2026.05.09-15.32.10:281][  0]LogVulkanRHI: Display: -    Found device extension VK_KHR_timeline_semaphore
[2026.05.09-15.32.10:281][  0]LogVulkanRHI: Display: -    Found device extension VK_KHR_uniform_buffer_standard_layout
[2026.05.09-15.32.10:281][  0]LogVulkanRHI: Display: -    Found device extension VK_MSFT_layered_driver
[2026.05.09-15.32.10:281][  0]LogVulkanRHI: Display: Device 2: Intel(R) UHD Graphics
[2026.05.09-15.32.10:281][  0]LogVulkanRHI: Display: - API 1.4.323(0x404143) Driver 0x195baa VendorId 0x8086
[2026.05.09-15.32.10:281][  0]LogVulkanRHI: Display: - DeviceID 0xa7a8 Type Integrated GPU
[2026.05.09-15.32.10:281][  0]LogVulkanRHI: Display: - Max Descriptor Sets Bound 32 Timestamps 1
[2026.05.09-15.32.10:281][  0]LogVulkanRHI: Display: - Device Properties driverName: Intel Corporation
[2026.05.09-15.32.10:281][  0]LogVulkanRHI: Display: - Device Properties driverInfo: 101.7082
[2026.05.09-15.32.10:281][  0]LogVulkanRHI: Display: -    Found device layer VK_LAYER_NV_optimus
[2026.05.09-15.32.10:281][  0]LogVulkanRHI: Display: -    Found device extension VK_EXT_4444_formats
[2026.05.09-15.32.10:281][  0]LogVulkanRHI: Display: -    Found device extension VK_EXT_attachment_feedback_loop_layout
[2026.05.09-15.32.10:281][  0]LogVulkanRHI: Display: -    Found device extension VK_EXT_buffer_device_address
[2026.05.09-15.32.10:281][  0]LogVulkanRHI: Display: -    Found device extension VK_EXT_calibrated_timestamps
[2026.05.09-15.32.10:281][  0]LogVulkanRHI: Display: -    Found device extension VK_EXT_color_write_enable
[2026.05.09-15.32.10:281][  0]LogVulkanRHI: Display: -    Found device extension VK_EXT_conditional_rendering
[2026.05.09-15.32.10:281][  0]LogVulkanRHI: Display: -    Found device extension VK_EXT_conservative_rasterization
[2026.05.09-15.32.10:281][  0]LogVulkanRHI: Display: -    Found device extension VK_EXT_custom_border_color
[2026.05.09-15.32.10:281][  0]LogVulkanRHI: Display: -    Found device extension VK_EXT_depth_clip_control
[2026.05.09-15.32.10:281][  0]LogVulkanRHI: Display: -    Found device extension VK_EXT_depth_clip_enable
[2026.05.09-15.32.10:281][  0]LogVulkanRHI: Display: -    Found device extension VK_EXT_descriptor_indexing
[2026.05.09-15.32.10:281][  0]LogVulkanRHI: Display: -    Found device extension VK_EXT_device_address_binding_report
[2026.05.09-15.32.10:281][  0]LogVulkanRHI: Display: -    Found device extension VK_EXT_dynamic_rendering_unused_attachments
[2026.05.09-15.32.10:281][  0]LogVulkanRHI: Display: -    Found device extension VK_EXT_extended_dynamic_state
[2026.05.09-15.32.10:281][  0]LogVulkanRHI: Display: -    Found device extension VK_EXT_extended_dynamic_state2
[2026.05.09-15.32.10:281][  0]LogVulkanRHI: Display: -    Found device extension VK_EXT_extended_dynamic_state3
[2026.05.09-15.32.10:281][  0]LogVulkanRHI: Display: -    Found device extension VK_EXT_external_memory_host
[2026.05.09-15.32.10:281][  0]LogVulkanRHI: Display: -    Found device extension VK_EXT_fragment_shader_interlock
[2026.05.09-15.32.10:281][  0]LogVulkanRHI: Display: -    Found device extension VK_EXT_full_screen_exclusive
[2026.05.09-15.32.10:281][  0]LogVulkanRHI: Display: -    Found device extension VK_EXT_global_priority
[2026.05.09-15.32.10:281][  0]LogVulkanRHI: Display: -    Found device extension VK_EXT_global_priority_query
[2026.05.09-15.32.10:281][  0]LogVulkanRHI: Display: -    Found device extension VK_EXT_graphics_pipeline_library
[2026.05.09-15.32.10:281][  0]LogVulkanRHI: Display: -    Found device extension VK_EXT_hdr_metadata
[2026.05.09-15.32.10:281][  0]LogVulkanRHI: Display: -    Found device extension VK_EXT_host_image_copy
[2026.05.09-15.32.10:281][  0]LogVulkanRHI: Display: -    Found device extension VK_EXT_host_query_reset
[2026.05.09-15.32.10:281][  0]LogVulkanRHI: Display: -    Found device extension VK_EXT_image_2d_view_of_3d
[2026.05.09-15.32.10:281][  0]LogVulkanRHI: Display: -    Found device extension VK_EXT_image_robustness
[2026.05.09-15.32.10:281][  0]LogVulkanRHI: Display: -    Found device extension VK_EXT_image_view_min_lod
[2026.05.09-15.32.10:281][  0]LogVulkanRHI: Display: -    Found device extension VK_EXT_index_type_uint8
[2026.05.09-15.32.10:281][  0]LogVulkanRHI: Display: -    Found device extension VK_EXT_inline_uniform_block
[2026.05.09-15.32.10:281][  0]LogVulkanRHI: Display: -    Found device extension VK_EXT_line_rasterization
[2026.05.09-15.32.10:281][  0]LogVulkanRHI: Display: -    Found device extension VK_EXT_load_store_op_none
[2026.05.09-15.32.10:281][  0]LogVulkanRHI: Display: -    Found device extension VK_EXT_memory_budget
[2026.05.09-15.32.10:281][  0]LogVulkanRHI: Display: -    Found device extension VK_EXT_memory_priority
[2026.05.09-15.32.10:281][  0]LogVulkanRHI: Display: -    Found device extension VK_EXT_multi_draw
[2026.05.09-15.32.10:281][  0]LogVulkanRHI: Display: -    Found device extension VK_EXT_mutable_descriptor_type
[2026.05.09-15.32.10:281][  0]LogVulkanRHI: Display: -    Found device extension VK_EXT_non_seamless_cube_map
[2026.05.09-15.32.10:281][  0]LogVulkanRHI: Display: -    Found device extension VK_EXT_pageable_device_local_memory
[2026.05.09-15.32.10:281][  0]LogVulkanRHI: Display: -    Found device extension VK_EXT_pipeline_creation_cache_control
[2026.05.09-15.32.10:281][  0]LogVulkanRHI: Display: -    Found device extension VK_EXT_pipeline_creation_feedback
[2026.05.09-15.32.10:281][  0]LogVulkanRHI: Display: -    Found device extension VK_EXT_pipeline_robustness
[2026.05.09-15.32.10:281][  0]LogVulkanRHI: Display: -    Found device extension VK_EXT_post_depth_coverage
[2026.05.09-15.32.10:281][  0]LogVulkanRHI: Display: -    Found device extension VK_EXT_primitive_topology_list_restart
[2026.05.09-15.32.10:281][  0]LogVulkanRHI: Display: -    Found device extension VK_EXT_primitives_generated_query
[2026.05.09-15.32.10:282][  0]LogVulkanRHI: Display: -    Found device extension VK_EXT_private_data
[2026.05.09-15.32.10:282][  0]LogVulkanRHI: Display: -    Found device extension VK_EXT_provoking_vertex
[2026.05.09-15.32.10:282][  0]LogVulkanRHI: Display: -    Found device extension VK_EXT_robustness2
[2026.05.09-15.32.10:282][  0]LogVulkanRHI: Display: -    Found device extension VK_EXT_sample_locations
[2026.05.09-15.32.10:282][  0]LogVulkanRHI: Display: -    Found device extension VK_EXT_sampler_filter_minmax
[2026.05.09-15.32.10:282][  0]LogVulkanRHI: Display: -    Found device extension VK_EXT_scalar_block_layout
[2026.05.09-15.32.10:282][  0]LogVulkanRHI: Display: -    Found device extension VK_EXT_separate_stencil_usage
[2026.05.09-15.32.10:282][  0]LogVulkanRHI: Display: -    Found device extension VK_EXT_shader_atomic_float
[2026.05.09-15.32.10:282][  0]LogVulkanRHI: Display: -    Found device extension VK_EXT_shader_atomic_float2
[2026.05.09-15.32.10:282][  0]LogVulkanRHI: Display: -    Found device extension VK_EXT_shader_demote_to_helper_invocation
[2026.05.09-15.32.10:282][  0]LogVulkanRHI: Display: -    Found device extension VK_EXT_shader_module_identifier
[2026.05.09-15.32.10:282][  0]LogVulkanRHI: Display: -    Found device extension VK_EXT_shader_stencil_export
[2026.05.09-15.32.10:282][  0]LogVulkanRHI: Display: -    Found device extension VK_EXT_shader_subgroup_ballot
[2026.05.09-15.32.10:282][  0]LogVulkanRHI: Display: -    Found device extension VK_EXT_shader_subgroup_vote
[2026.05.09-15.32.10:282][  0]LogVulkanRHI: Display: -    Found device extension VK_EXT_shader_viewport_index_layer
[2026.05.09-15.32.10:282][  0]LogVulkanRHI: Display: -    Found device extension VK_EXT_subgroup_size_control
[2026.05.09-15.32.10:282][  0]LogVulkanRHI: Display: -    Found device extension VK_EXT_texel_buffer_alignment
[2026.05.09-15.32.10:282][  0]LogVulkanRHI: Display: -    Found device extension VK_EXT_transform_feedback
[2026.05.09-15.32.10:282][  0]LogVulkanRHI: Display: -    Found device extension VK_EXT_vertex_attribute_divisor
[2026.05.09-15.32.10:282][  0]LogVulkanRHI: Display: -    Found device extension VK_EXT_vertex_input_dynamic_state
[2026.05.09-15.32.10:282][  0]LogVulkanRHI: Display: -    Found device extension VK_EXT_ycbcr_2plane_444_formats
[2026.05.09-15.32.10:282][  0]LogVulkanRHI: Display: -    Found device extension VK_INTEL_performance_query
[2026.05.09-15.32.10:282][  0]LogVulkanRHI: Display: -    Found device extension VK_KHR_16bit_storage
[2026.05.09-15.32.10:282][  0]LogVulkanRHI: Display: -    Found device extension VK_KHR_8bit_storage
[2026.05.09-15.32.10:282][  0]LogVulkanRHI: Display: -    Found device extension VK_KHR_bind_memory2
[2026.05.09-15.32.10:282][  0]LogVulkanRHI: Display: -    Found device extension VK_KHR_buffer_device_address
[2026.05.09-15.32.10:282][  0]LogVulkanRHI: Display: -    Found device extension VK_KHR_calibrated_timestamps
[2026.05.09-15.32.10:282][  0]LogVulkanRHI: Display: -    Found device extension VK_KHR_compute_shader_derivatives
[2026.05.09-15.32.10:282][  0]LogVulkanRHI: Display: -    Found device extension VK_KHR_copy_commands2
[2026.05.09-15.32.10:282][  0]LogVulkanRHI: Display: -    Found device extension VK_KHR_create_renderpass2
[2026.05.09-15.32.10:282][  0]LogVulkanRHI: Display: -    Found device extension VK_KHR_dedicated_allocation
[2026.05.09-15.32.10:282][  0]LogVulkanRHI: Display: -    Found device extension VK_KHR_depth_stencil_resolve
[2026.05.09-15.32.10:282][  0]LogVulkanRHI: Display: -    Found device extension VK_KHR_descriptor_update_template
[2026.05.09-15.32.10:282][  0]LogVulkanRHI: Display: -    Found device extension VK_KHR_device_group
[2026.05.09-15.32.10:282][  0]LogVulkanRHI: Display: -    Found device extension VK_KHR_draw_indirect_count
[2026.05.09-15.32.10:282][  0]LogVulkanRHI: Display: -    Found device extension VK_KHR_driver_properties
[2026.05.09-15.32.10:282][  0]LogVulkanRHI: Display: -    Found device extension VK_KHR_dynamic_rendering
[2026.05.09-15.32.10:282][  0]LogVulkanRHI: Display: -    Found device extension VK_KHR_dynamic_rendering_local_read
[2026.05.09-15.32.10:282][  0]LogVulkanRHI: Display: -    Found device extension VK_KHR_external_fence
[2026.05.09-15.32.10:282][  0]LogVulkanRHI: Display: -    Found device extension VK_KHR_external_fence_win32
[2026.05.09-15.32.10:282][  0]LogVulkanRHI: Display: -    Found device extension VK_KHR_external_memory
[2026.05.09-15.32.10:282][  0]LogVulkanRHI: Display: -    Found device extension VK_KHR_external_memory_win32
[2026.05.09-15.32.10:282][  0]LogVulkanRHI: Display: -    Found device extension VK_KHR_external_semaphore
[2026.05.09-15.32.10:282][  0]LogVulkanRHI: Display: -    Found device extension VK_KHR_external_semaphore_win32
[2026.05.09-15.32.10:282][  0]LogVulkanRHI: Display: -    Found device extension VK_KHR_format_feature_flags2
[2026.05.09-15.32.10:282][  0]LogVulkanRHI: Display: -    Found device extension VK_KHR_fragment_shading_rate
[2026.05.09-15.32.10:282][  0]LogVulkanRHI: Display: -    Found device extension VK_KHR_get_memory_requirements2
[2026.05.09-15.32.10:282][  0]LogVulkanRHI: Display: -    Found device extension VK_KHR_global_priority
[2026.05.09-15.32.10:282][  0]LogVulkanRHI: Display: -    Found device extension VK_KHR_image_format_list
[2026.05.09-15.32.10:282][  0]LogVulkanRHI: Display: -    Found device extension VK_KHR_imageless_framebuffer
[2026.05.09-15.32.10:282][  0]LogVulkanRHI: Display: -    Found device extension VK_KHR_index_type_uint8
[2026.05.09-15.32.10:282][  0]LogVulkanRHI: Display: -    Found device extension VK_KHR_line_rasterization
[2026.05.09-15.32.10:282][  0]LogVulkanRHI: Display: -    Found device extension VK_KHR_load_store_op_none
[2026.05.09-15.32.10:282][  0]LogVulkanRHI: Display: -    Found device extension VK_KHR_maintenance1
[2026.05.09-15.32.10:282][  0]LogVulkanRHI: Display: -    Found device extension VK_KHR_maintenance2
[2026.05.09-15.32.10:282][  0]LogVulkanRHI: Display: -    Found device extension VK_KHR_maintenance3
[2026.05.09-15.32.10:282][  0]LogVulkanRHI: Display: -    Found device extension VK_KHR_maintenance4
[2026.05.09-15.32.10:282][  0]LogVulkanRHI: Display: -    Found device extension VK_KHR_maintenance5
[2026.05.09-15.32.10:282][  0]LogVulkanRHI: Display: -    Found device extension VK_KHR_maintenance6
[2026.05.09-15.32.10:282][  0]LogVulkanRHI: Display: -    Found device extension VK_KHR_maintenance7
[2026.05.09-15.32.10:282][  0]LogVulkanRHI: Display: -    Found device extension VK_KHR_map_memory2
[2026.05.09-15.32.10:282][  0]LogVulkanRHI: Display: -    Found device extension VK_KHR_multiview
[2026.05.09-15.32.10:282][  0]LogVulkanRHI: Display: -    Found device extension VK_KHR_performance_query
[2026.05.09-15.32.10:282][  0]LogVulkanRHI: Display: -    Found device extension VK_KHR_pipeline_executable_properties
[2026.05.09-15.32.10:282][  0]LogVulkanRHI: Display: -    Found device extension VK_KHR_pipeline_library
[2026.05.09-15.32.10:282][  0]LogVulkanRHI: Display: -    Found device extension VK_KHR_push_descriptor
[2026.05.09-15.32.10:282][  0]LogVulkanRHI: Display: -    Found device extension VK_KHR_relaxed_block_layout
[2026.05.09-15.32.10:282][  0]LogVulkanRHI: Display: -    Found device extension VK_KHR_sampler_mirror_clamp_to_edge
[2026.05.09-15.32.10:282][  0]LogVulkanRHI: Display: -    Found device extension VK_KHR_sampler_ycbcr_conversion
[2026.05.09-15.32.10:282][  0]LogVulkanRHI: Display: -    Found device extension VK_KHR_separate_depth_stencil_layouts
[2026.05.09-15.32.10:282][  0]LogVulkanRHI: Display: -    Found device extension VK_KHR_shader_clock
[2026.05.09-15.32.10:282][  0]LogVulkanRHI: Display: -    Found device extension VK_KHR_shader_draw_parameters
[2026.05.09-15.32.10:282][  0]LogVulkanRHI: Display: -    Found device extension VK_KHR_shader_expect_assume
[2026.05.09-15.32.10:282][  0]LogVulkanRHI: Display: -    Found device extension VK_KHR_shader_float16_int8
[2026.05.09-15.32.10:282][  0]LogVulkanRHI: Display: -    Found device extension VK_KHR_shader_float_controls
[2026.05.09-15.32.10:282][  0]LogVulkanRHI: Display: -    Found device extension VK_KHR_shader_float_controls2
[2026.05.09-15.32.10:282][  0]LogVulkanRHI: Display: -    Found device extension VK_KHR_shader_integer_dot_product
[2026.05.09-15.32.10:282][  0]LogVulkanRHI: Display: -    Found device extension VK_KHR_shader_maximal_reconvergence
[2026.05.09-15.32.10:282][  0]LogVulkanRHI: Display: -    Found device extension VK_KHR_shader_non_semantic_info
[2026.05.09-15.32.10:282][  0]LogVulkanRHI: Display: -    Found device extension VK_KHR_shader_quad_control
[2026.05.09-15.32.10:282][  0]LogVulkanRHI: Display: -    Found device extension VK_KHR_shader_subgroup_extended_types
[2026.05.09-15.32.10:282][  0]LogVulkanRHI: Display: -    Found device extension VK_KHR_shader_subgroup_rotate
[2026.05.09-15.32.10:282][  0]LogVulkanRHI: Display: -    Found device extension VK_KHR_shader_subgroup_uniform_control_flow
[2026.05.09-15.32.10:282][  0]LogVulkanRHI: Display: -    Found device extension VK_KHR_shader_terminate_invocation
[2026.05.09-15.32.10:282][  0]LogVulkanRHI: Display: -    Found device extension VK_KHR_spirv_1_4
[2026.05.09-15.32.10:282][  0]LogVulkanRHI: Display: -    Found device extension VK_KHR_storage_buffer_storage_class
[2026.05.09-15.32.10:282][  0]LogVulkanRHI: Display: -    Found device extension VK_KHR_swapchain
[2026.05.09-15.32.10:282][  0]LogVulkanRHI: Display: -    Found device extension VK_KHR_swapchain_mutable_format
[2026.05.09-15.32.10:282][  0]LogVulkanRHI: Display: -    Found device extension VK_KHR_synchronization2
[2026.05.09-15.32.10:282][  0]LogVulkanRHI: Display: -    Found device extension VK_KHR_timeline_semaphore
[2026.05.09-15.32.10:282][  0]LogVulkanRHI: Display: -    Found device extension VK_KHR_uniform_buffer_standard_layout
[2026.05.09-15.32.10:282][  0]LogVulkanRHI: Display: -    Found device extension VK_KHR_variable_pointers
[2026.05.09-15.32.10:282][  0]LogVulkanRHI: Display: -    Found device extension VK_KHR_vertex_attribute_divisor
[2026.05.09-15.32.10:282][  0]LogVulkanRHI: Display: -    Found device extension VK_KHR_video_decode_av1
[2026.05.09-15.32.10:282][  0]LogVulkanRHI: Display: -    Found device extension VK_KHR_video_decode_h264
[2026.05.09-15.32.10:282][  0]LogVulkanRHI: Display: -    Found device extension VK_KHR_video_decode_h265
[2026.05.09-15.32.10:282][  0]LogVulkanRHI: Display: -    Found device extension VK_KHR_video_decode_queue
[2026.05.09-15.32.10:282][  0]LogVulkanRHI: Display: -    Found device extension VK_KHR_video_queue
[2026.05.09-15.32.10:282][  0]LogVulkanRHI: Display: -    Found device extension VK_KHR_vulkan_memory_model
[2026.05.09-15.32.10:282][  0]LogVulkanRHI: Display: -    Found device extension VK_KHR_win32_keyed_mutex
[2026.05.09-15.32.10:282][  0]LogVulkanRHI: Display: -    Found device extension VK_KHR_workgroup_memory_explicit_layout
[2026.05.09-15.32.10:282][  0]LogVulkanRHI: Display: -    Found device extension VK_KHR_zero_initialize_workgroup_memory
[2026.05.09-15.32.10:282][  0]LogVulkanRHI: Display: -    Found device extension VK_NV_compute_shader_derivatives
[2026.05.09-15.32.10:282][  0]LogVulkanRHI: Display: -    Found device extension VK_NV_device_diagnostic_checkpoints
[2026.05.09-15.32.10:282][  0]LogVulkanRHI: Display: Device 3: Microsoft Direct3D12 (Intel(R) UHD Graphics)
[2026.05.09-15.32.10:282][  0]LogVulkanRHI: Display: - API 1.2.340(0x402154) Driver 0x6800063 VendorId 0x8086
[2026.05.09-15.32.10:282][  0]LogVulkanRHI: Display: - DeviceID 0xa7a8 Type Integrated GPU
[2026.05.09-15.32.10:282][  0]LogVulkanRHI: Display: - Max Descriptor Sets Bound 8 Timestamps 1
[2026.05.09-15.32.10:282][  0]LogVulkanRHI: Display: - Device Properties driverName: Dozen
[2026.05.09-15.32.10:282][  0]LogVulkanRHI: Display: - Device Properties driverInfo: Mesa 26.1.0-devel (git-219807d38d)
[2026.05.09-15.32.10:282][  0]LogVulkanRHI: Display: -    Found device layer VK_LAYER_NV_optimus
[2026.05.09-15.32.10:282][  0]LogVulkanRHI: Display: -    Found device extension VK_EXT_buffer_device_address
[2026.05.09-15.32.10:282][  0]LogVulkanRHI: Display: -    Found device extension VK_EXT_descriptor_indexing
[2026.05.09-15.32.10:282][  0]LogVulkanRHI: Display: -    Found device extension VK_EXT_external_memory_host
[2026.05.09-15.32.10:282][  0]LogVulkanRHI: Display: -    Found device extension VK_EXT_scalar_block_layout
[2026.05.09-15.32.10:282][  0]LogVulkanRHI: Display: -    Found device extension VK_EXT_separate_stencil_usage
[2026.05.09-15.32.10:282][  0]LogVulkanRHI: Display: -    Found device extension VK_EXT_shader_replicated_composites
[2026.05.09-15.32.10:282][  0]LogVulkanRHI: Display: -    Found device extension VK_EXT_shader_subgroup_ballot
[2026.05.09-15.32.10:282][  0]LogVulkanRHI: Display: -    Found device extension VK_EXT_shader_subgroup_vote
[2026.05.09-15.32.10:282][  0]LogVulkanRHI: Display: -    Found device extension VK_EXT_subgroup_size_control
[2026.05.09-15.32.10:282][  0]LogVulkanRHI: Display: -    Found device extension VK_EXT_vertex_attribute_divisor
[2026.05.09-15.32.10:282][  0]LogVulkanRHI: Display: -    Found device extension VK_KHR_16bit_storage
[2026.05.09-15.32.10:282][  0]LogVulkanRHI: Display: -    Found device extension VK_KHR_bind_memory2
[2026.05.09-15.32.10:282][  0]LogVulkanRHI: Display: -    Found device extension VK_KHR_buffer_device_address
[2026.05.09-15.32.10:282][  0]LogVulkanRHI: Display: -    Found device extension VK_KHR_create_renderpass2
[2026.05.09-15.32.10:282][  0]LogVulkanRHI: Display: -    Found device extension VK_KHR_dedicated_allocation
[2026.05.09-15.32.10:282][  0]LogVulkanRHI: Display: -    Found device extension VK_KHR_depth_stencil_resolve
[2026.05.09-15.32.10:282][  0]LogVulkanRHI: Display: -    Found device extension VK_KHR_descriptor_update_template
[2026.05.09-15.32.10:282][  0]LogVulkanRHI: Display: -    Found device extension VK_KHR_device_group
[2026.05.09-15.32.10:282][  0]LogVulkanRHI: Display: -    Found device extension VK_KHR_draw_indirect_count
[2026.05.09-15.32.10:282][  0]LogVulkanRHI: Display: -    Found device extension VK_KHR_driver_properties
[2026.05.09-15.32.10:282][  0]LogVulkanRHI: Display: -    Found device extension VK_KHR_dynamic_rendering
[2026.05.09-15.32.10:282][  0]LogVulkanRHI: Display: -    Found device extension VK_KHR_external_memory
[2026.05.09-15.32.10:282][  0]LogVulkanRHI: Display: -    Found device extension VK_KHR_external_memory_win32
[2026.05.09-15.32.10:282][  0]LogVulkanRHI: Display: -    Found device extension VK_KHR_external_semaphore
[2026.05.09-15.32.10:282][  0]LogVulkanRHI: Display: -    Found device extension VK_KHR_external_semaphore_win32
[2026.05.09-15.32.10:282][  0]LogVulkanRHI: Display: -    Found device extension VK_KHR_get_memory_requirements2
[2026.05.09-15.32.10:282][  0]LogVulkanRHI: Display: -    Found device extension VK_KHR_image_format_list
[2026.05.09-15.32.10:282][  0]LogVulkanRHI: Display: -    Found device extension VK_KHR_imageless_framebuffer
[2026.05.09-15.32.10:282][  0]LogVulkanRHI: Display: -    Found device extension VK_KHR_maintenance1
[2026.05.09-15.32.10:282][  0]LogVulkanRHI: Display: -    Found device extension VK_KHR_maintenance2
[2026.05.09-15.32.10:282][  0]LogVulkanRHI: Display: -    Found device extension VK_KHR_maintenance3
[2026.05.09-15.32.10:282][  0]LogVulkanRHI: Display: -    Found device extension VK_KHR_multiview
[2026.05.09-15.32.10:282][  0]LogVulkanRHI: Display: -    Found device extension VK_KHR_relaxed_block_layout
[2026.05.09-15.32.10:282][  0]LogVulkanRHI: Display: -    Found device extension VK_KHR_sampler_mirror_clamp_to_edge
[2026.05.09-15.32.10:282][  0]LogVulkanRHI: Display: -    Found device extension VK_KHR_separate_depth_stencil_layouts
[2026.05.09-15.32.10:282][  0]LogVulkanRHI: Display: -    Found device extension VK_KHR_shader_draw_parameters
[2026.05.09-15.32.10:282][  0]LogVulkanRHI: Display: -    Found device extension VK_KHR_shader_expect_assume
[2026.05.09-15.32.10:282][  0]LogVulkanRHI: Display: -    Found device extension VK_KHR_shader_float16_int8
[2026.05.09-15.32.10:282][  0]LogVulkanRHI: Display: -    Found device extension VK_KHR_shader_float_controls
[2026.05.09-15.32.10:282][  0]LogVulkanRHI: Display: -    Found device extension VK_KHR_shader_integer_dot_product
[2026.05.09-15.32.10:282][  0]LogVulkanRHI: Display: -    Found device extension VK_KHR_spirv_1_4
[2026.05.09-15.32.10:282][  0]LogVulkanRHI: Display: -    Found device extension VK_KHR_storage_buffer_storage_class
[2026.05.09-15.32.10:282][  0]LogVulkanRHI: Display: -    Found device extension VK_KHR_swapchain
[2026.05.09-15.32.10:283][  0]LogVulkanRHI: Display: -    Found device extension VK_KHR_synchronization2
[2026.05.09-15.32.10:283][  0]LogVulkanRHI: Display: -    Found device extension VK_KHR_timeline_semaphore
[2026.05.09-15.32.10:283][  0]LogVulkanRHI: Display: -    Found device extension VK_KHR_uniform_buffer_standard_layout
[2026.05.09-15.32.10:283][  0]LogVulkanRHI: Display: -    Found device extension VK_MSFT_layered_driver
[2026.05.09-15.32.10:285][  0]LogStats: FPlatformStackWalk::StackWalkAndDump -  0.003 s
[2026.05.09-15.32.10:285][  0]LogOutputDevice: Error: === Handled ensure: ===
[2026.05.09-15.32.10:286][  0]LogOutputDevice: Error: 
[2026.05.09-15.32.10:286][  0]LogOutputDevice: Error: Ensure condition failed: VendorId != EGpuVendorId::Unknown [File:D:/Build/++UE4/Sync/Engine/Source/Runtime/VulkanRHI/Private/VulkanDevice.cpp] [Line: 194]
[2026.05.09-15.32.10:286][  0]LogOutputDevice: Error: 
[2026.05.09-15.32.10:286][  0]LogOutputDevice: Error: Stack: 
[2026.05.09-15.32.10:286][  0]LogOutputDevice: Error: [Callstack] 0x00007ff6d0931727 Blocks.exe!UnknownFunction []
[2026.05.09-15.32.10:286][  0]LogOutputDevice: Error: [Callstack] 0x00007ff6cd7dadf5 Blocks.exe!UnknownFunction []
[2026.05.09-15.32.10:286][  0]LogOutputDevice: Error: [Callstack] 0x00007ff6cd88d9d9 Blocks.exe!UnknownFunction []
[2026.05.09-15.32.10:286][  0]LogOutputDevice: Error: [Callstack] 0x00007ff6cd8790b9 Blocks.exe!UnknownFunction []
[2026.05.09-15.32.10:286][  0]LogOutputDevice: Error: [Callstack] 0x00007ff6cd878b2a Blocks.exe!UnknownFunction []
[2026.05.09-15.32.10:286][  0]LogOutputDevice: Error: [Callstack] 0x00007ff6cd9bc68d Blocks.exe!UnknownFunction []
[2026.05.09-15.32.10:286][  0]LogOutputDevice: Error: [Callstack] 0x00007ff6c9caa107 Blocks.exe!UnknownFunction []
[2026.05.09-15.32.10:286][  0]LogOutputDevice: Error: [Callstack] 0x00007ff6c9c9d396 Blocks.exe!UnknownFunction []
[2026.05.09-15.32.10:286][  0]LogOutputDevice: Error: [Callstack] 0x00007ff6c9c9d73a Blocks.exe!UnknownFunction []
[2026.05.09-15.32.10:286][  0]LogOutputDevice: Error: [Callstack] 0x00007ff6c9c9fb3c Blocks.exe!UnknownFunction []
[2026.05.09-15.32.10:286][  0]LogOutputDevice: Error: [Callstack] 0x00007ff6c9cb1384 Blocks.exe!UnknownFunction []
[2026.05.09-15.32.10:286][  0]LogOutputDevice: Error: [Callstack] 0x00007ff6d052acee Blocks.exe!UnknownFunction []
[2026.05.09-15.32.10:286][  0]LogOutputDevice: Error: [Callstack] 0x00007ffccb1ae957 KERNEL32.DLL!UnknownFunction []
[2026.05.09-15.32.10:286][  0]LogOutputDevice: Error: [Callstack] 0x00007ffccc2a427c ntdll.dll!UnknownFunction []
[2026.05.09-15.32.10:286][  0]LogOutputDevice: Error: 
[2026.05.09-15.32.10:290][  0]LogStats:                SubmitErrorReport -  0.000 s
[2026.05.09-15.32.10:360][  0]LogStats:                    SendNewReport -  0.070 s
[2026.05.09-15.32.10:360][  0]LogStats:             FDebug::EnsureFailed -  0.077 s
[2026.05.09-15.32.10:360][  0]LogVulkanRHI: Display: Device 4: Microsoft Direct3D12 (Microsoft Basic Render Driver)
[2026.05.09-15.32.10:360][  0]LogVulkanRHI: Display: - API 1.2.340(0x402154) Driver 0x6800063 VendorId 0x1414
[2026.05.09-15.32.10:360][  0]LogVulkanRHI: Display: - DeviceID 0x8c Type CPU
[2026.05.09-15.32.10:360][  0]LogVulkanRHI: Display: - Max Descriptor Sets Bound 8 Timestamps 1
[2026.05.09-15.32.10:360][  0]LogVulkanRHI: Display: - Device Properties driverName: Dozen
[2026.05.09-15.32.10:360][  0]LogVulkanRHI: Display: - Device Properties driverInfo: Mesa 26.1.0-devel (git-219807d38d)
[2026.05.09-15.32.10:360][  0]LogVulkanRHI: Display: -    Found device layer VK_LAYER_NV_optimus
[2026.05.09-15.32.10:360][  0]LogVulkanRHI: Display: -    Found device extension VK_EXT_buffer_device_address
[2026.05.09-15.32.10:360][  0]LogVulkanRHI: Display: -    Found device extension VK_EXT_descriptor_indexing
[2026.05.09-15.32.10:360][  0]LogVulkanRHI: Display: -    Found device extension VK_EXT_external_memory_host
[2026.05.09-15.32.10:360][  0]LogVulkanRHI: Display: -    Found device extension VK_EXT_scalar_block_layout
[2026.05.09-15.32.10:360][  0]LogVulkanRHI: Display: -    Found device extension VK_EXT_separate_stencil_usage
[2026.05.09-15.32.10:360][  0]LogVulkanRHI: Display: -    Found device extension VK_EXT_shader_replicated_composites
[2026.05.09-15.32.10:360][  0]LogVulkanRHI: Display: -    Found device extension VK_EXT_shader_subgroup_ballot
[2026.05.09-15.32.10:360][  0]LogVulkanRHI: Display: -    Found device extension VK_EXT_shader_subgroup_vote
[2026.05.09-15.32.10:360][  0]LogVulkanRHI: Display: -    Found device extension VK_EXT_subgroup_size_control
[2026.05.09-15.32.10:360][  0]LogVulkanRHI: Display: -    Found device extension VK_EXT_vertex_attribute_divisor
[2026.05.09-15.32.10:360][  0]LogVulkanRHI: Display: -    Found device extension VK_KHR_16bit_storage
[2026.05.09-15.32.10:360][  0]LogVulkanRHI: Display: -    Found device extension VK_KHR_bind_memory2
[2026.05.09-15.32.10:360][  0]LogVulkanRHI: Display: -    Found device extension VK_KHR_buffer_device_address
[2026.05.09-15.32.10:360][  0]LogVulkanRHI: Display: -    Found device extension VK_KHR_create_renderpass2
[2026.05.09-15.32.10:360][  0]LogVulkanRHI: Display: -    Found device extension VK_KHR_dedicated_allocation
[2026.05.09-15.32.10:360][  0]LogVulkanRHI: Display: -    Found device extension VK_KHR_depth_stencil_resolve
[2026.05.09-15.32.10:360][  0]LogVulkanRHI: Display: -    Found device extension VK_KHR_descriptor_update_template
[2026.05.09-15.32.10:360][  0]LogVulkanRHI: Display: -    Found device extension VK_KHR_device_group
[2026.05.09-15.32.10:360][  0]LogVulkanRHI: Display: -    Found device extension VK_KHR_draw_indirect_count
[2026.05.09-15.32.10:360][  0]LogVulkanRHI: Display: -    Found device extension VK_KHR_driver_properties
[2026.05.09-15.32.10:360][  0]LogVulkanRHI: Display: -    Found device extension VK_KHR_dynamic_rendering
[2026.05.09-15.32.10:360][  0]LogVulkanRHI: Display: -    Found device extension VK_KHR_external_memory
[2026.05.09-15.32.10:360][  0]LogVulkanRHI: Display: -    Found device extension VK_KHR_external_memory_win32
[2026.05.09-15.32.10:360][  0]LogVulkanRHI: Display: -    Found device extension VK_KHR_external_semaphore
[2026.05.09-15.32.10:360][  0]LogVulkanRHI: Display: -    Found device extension VK_KHR_external_semaphore_win32
[2026.05.09-15.32.10:360][  0]LogVulkanRHI: Display: -    Found device extension VK_KHR_get_memory_requirements2
[2026.05.09-15.32.10:360][  0]LogVulkanRHI: Display: -    Found device extension VK_KHR_image_format_list
[2026.05.09-15.32.10:360][  0]LogVulkanRHI: Display: -    Found device extension VK_KHR_imageless_framebuffer
[2026.05.09-15.32.10:360][  0]LogVulkanRHI: Display: -    Found device extension VK_KHR_maintenance1
[2026.05.09-15.32.10:360][  0]LogVulkanRHI: Display: -    Found device extension VK_KHR_maintenance2
[2026.05.09-15.32.10:360][  0]LogVulkanRHI: Display: -    Found device extension VK_KHR_maintenance3
[2026.05.09-15.32.10:360][  0]LogVulkanRHI: Display: -    Found device extension VK_KHR_multiview
[2026.05.09-15.32.10:360][  0]LogVulkanRHI: Display: -    Found device extension VK_KHR_relaxed_block_layout
[2026.05.09-15.32.10:360][  0]LogVulkanRHI: Display: -    Found device extension VK_KHR_sampler_mirror_clamp_to_edge
[2026.05.09-15.32.10:360][  0]LogVulkanRHI: Display: -    Found device extension VK_KHR_separate_depth_stencil_layouts
[2026.05.09-15.32.10:360][  0]LogVulkanRHI: Display: -    Found device extension VK_KHR_shader_draw_parameters
[2026.05.09-15.32.10:360][  0]LogVulkanRHI: Display: -    Found device extension VK_KHR_shader_expect_assume
[2026.05.09-15.32.10:360][  0]LogVulkanRHI: Display: -    Found device extension VK_KHR_shader_float16_int8
[2026.05.09-15.32.10:361][  0]LogVulkanRHI: Display: -    Found device extension VK_KHR_shader_float_controls
[2026.05.09-15.32.10:361][  0]LogVulkanRHI: Display: -    Found device extension VK_KHR_shader_integer_dot_product
[2026.05.09-15.32.10:361][  0]LogVulkanRHI: Display: -    Found device extension VK_KHR_spirv_1_4
[2026.05.09-15.32.10:361][  0]LogVulkanRHI: Display: -    Found device extension VK_KHR_storage_buffer_storage_class
[2026.05.09-15.32.10:361][  0]LogVulkanRHI: Display: -    Found device extension VK_KHR_swapchain
[2026.05.09-15.32.10:361][  0]LogVulkanRHI: Display: -    Found device extension VK_KHR_synchronization2
[2026.05.09-15.32.10:361][  0]LogVulkanRHI: Display: -    Found device extension VK_KHR_timeline_semaphore
[2026.05.09-15.32.10:361][  0]LogVulkanRHI: Display: -    Found device extension VK_KHR_uniform_buffer_standard_layout
[2026.05.09-15.32.10:361][  0]LogVulkanRHI: Display: -    Found device extension VK_MSFT_layered_driver
[2026.05.09-15.32.10:361][  0]LogVulkanRHI: Display: Using Device 0: Geometry 1 Tessellation 1 BufferAtomic64 1
[2026.05.09-15.32.10:361][  0]LogVulkanRHI: Display: Found 4 Queue Families
[2026.05.09-15.32.10:361][  0]LogVulkanRHI: Display: Initializing Queue Family 0: 16 queues Gfx Compute Xfer Sparse
[2026.05.09-15.32.10:361][  0]LogVulkanRHI: Display: Initializing Queue Family 1: 2 queues Xfer Sparse
[2026.05.09-15.32.10:361][  0]LogVulkanRHI: Display: Skipping unnecessary Queue Family 2: 8 queues Compute Xfer Sparse
[2026.05.09-15.32.10:361][  0]LogVulkanRHI: Display: Skipping unnecessary Queue Family 3: 1 queues Xfer Sparse
[2026.05.09-15.32.10:510][  0]LogVulkanRHI: Display: Using device layers
[2026.05.09-15.32.10:510][  0]LogVulkanRHI: Display: Using device extensions
[2026.05.09-15.32.10:510][  0]LogVulkanRHI: Display: * VK_KHR_driver_properties
[2026.05.09-15.32.10:510][  0]LogVulkanRHI: Display: * VK_KHR_get_memory_requirements2
[2026.05.09-15.32.10:510][  0]LogVulkanRHI: Display: * VK_KHR_dedicated_allocation
[2026.05.09-15.32.10:510][  0]LogVulkanRHI: Display: * VK_KHR_bind_memory2
[2026.05.09-15.32.10:510][  0]LogVulkanRHI: Display: * VK_KHR_image_format_list
[2026.05.09-15.32.10:510][  0]LogVulkanRHI: Display: * VK_KHR_sampler_ycbcr_conversion
[2026.05.09-15.32.10:510][  0]LogVulkanRHI: Display: * VK_EXT_full_screen_exclusive
[2026.05.09-15.32.10:510][  0]LogVulkanRHI: Display: * VK_KHR_fragment_shading_rate
[2026.05.09-15.32.10:510][  0]LogVulkanRHI: Display: * VK_KHR_swapchain
[2026.05.09-15.32.10:510][  0]LogVulkanRHI: Display: * VK_KHR_maintenance1
[2026.05.09-15.32.10:510][  0]LogVulkanRHI: Display: * VK_KHR_maintenance2
[2026.05.09-15.32.10:510][  0]LogVulkanRHI: Display: * VK_EXT_memory_budget
[2026.05.09-15.32.10:510][  0]LogVulkanRHI: Display: * VK_EXT_scalar_block_layout
[2026.05.09-15.32.10:510][  0]LogVulkanRHI: Display: * VK_EXT_memory_priority
[2026.05.09-15.32.10:510][  0]LogVulkanRHI: Display: * VK_KHR_shader_atomic_int64
[2026.05.09-15.32.10:510][  0]LogVulkanRHI: Display: 2 Device Memory Heaps; Max memory allocations 4096
[2026.05.09-15.32.10:510][  0]LogVulkanRHI: Display:  0: Flags 0x1 Size 4172283904 (3979.00 MB) GPU
[2026.05.09-15.32.10:510][  0]LogVulkanRHI: Display:  1: Flags 0x0 Size 8432930816 (8042.27 MB) 
[2026.05.09-15.32.10:510][  0]LogVulkanRHI: Display: 5 Device Memory Types (Not unified)
[2026.05.09-15.32.10:510][  0]LogVulkanRHI: Display:  1: Flags 0x00001 Heap  0  Local                                         
[2026.05.09-15.32.10:510][  0]LogVulkanRHI: Display:  4: Flags 0x00007 Heap  0  Local HostVisible HostCoherent                
[2026.05.09-15.32.10:510][  0]LogVulkanRHI: Display:  0: Flags 0x00000 Heap  1                                                
[2026.05.09-15.32.10:510][  0]LogVulkanRHI: Display:  2: Flags 0x00006 Heap  1        HostVisible HostCoherent                
[2026.05.09-15.32.10:510][  0]LogVulkanRHI: Display:  3: Flags 0x0000e Heap  1        HostVisible HostCoherent HostCached     
[2026.05.09-15.32.10:510][  0]LogVulkanRHI: Display: Host Allocation Percentage   0.00% -          0.00MB / 3382.150MB
[2026.05.09-15.32.10:510][  0]LogVulkanRHI: Display: Memory Budget
[2026.05.09-15.32.10:510][  0]LogVulkanRHI: Display: 	         | Usage                     | Budget          | Size            |
[2026.05.09-15.32.10:510][  0]LogVulkanRHI: Display: 	---------|---------------------------------------------------------------|
[2026.05.09-15.32.10:510][  0]LogVulkanRHI: Display: 	 HEAP 00 |   0.35% /        13.953mb |      3382.150mb |      3979.000mb |
[2026.05.09-15.32.10:510][  0]LogVulkanRHI: Display: 	 HEAP 01 |   0.93% /        74.695mb |      7384.158mb |      8042.270mb |
[2026.05.09-15.32.10:510][  0]LogVulkanRHI: Display: 	---------|---------------------------------------------------------------|
[2026.05.09-15.32.10:513][  0]LogVulkanRHI: Display: FVulkanPipelineStateCacheManager: Binary pipeline cache '../../../FSOnline/Saved/VulkanPSO.cache.10de.25a9' not found.
[2026.05.09-15.32.10:515][  0]LogVulkanRHI: Display: Nvidia User Driver Version = 528.92
[2026.05.09-15.32.10:518][  0]LogHMD: Failed to enumerate extensions. Please check that you have a valid OpenXR runtime installed.
[2026.05.09-15.32.10:518][  0]LogRHI: Texture pool is 2785 MB (70% of 3979 MB)
[2026.05.09-15.32.10:529][  0]LogRHI: GeForceNow SDK initialized: 1
[2026.05.09-15.32.10:529][  0]LogRendererCore: Ray tracing is disabled. Reason: r.RayTracing=0.
[2026.05.09-15.32.10:532][  0]LogShaderLibrary: Display: Using ../../../FSOnline/Content/ShaderArchive-Global-SF_VULKAN_SM5.ushaderbytecode for material shader code. Total 1868 unique shaders.
[2026.05.09-15.32.10:532][  0]LogShaderLibrary: Display: Cooked Context: Using Shared Shader Library Global
[2026.05.09-15.32.10:532][  0]LogShaderLibrary: Display: Logical shader library 'Global' has been created, components 1
[2026.05.09-15.32.10:533][  0]LogTemp: Warning: Clearing the OS Cache
[2026.05.09-15.32.10:533][  0]LogODSC: ODSC Thread active.
[2026.05.09-15.32.10:533][  0]LogShaders: InitializeShaderTypes() begin
[2026.05.09-15.32.10:533][  0]LogShaders: InitializeShaderTypes() end
[2026.05.09-15.32.10:535][  0]LogPakFile: New pak file ../../../FSOnline/Content/Paks/FSOnline-WindowsNoEditor.pak added to pak precacher.
[2026.05.09-15.32.10:557][  0]LogSlate: Using FreeType 2.10.0
[2026.05.09-15.32.10:557][  0]LogSlate: SlateFontServices - WITH_FREETYPE: 1, WITH_HARFBUZZ: 1
[2026.05.09-15.32.10:557][  0]LogHMD: Failed to enumerate extensions. Please check that you have a valid OpenXR runtime installed.
[2026.05.09-15.32.10:580][  0]LogVulkanRHI: Display: Queue Family 0: Supports Present
[2026.05.09-15.32.10:580][  0]LogVulkanRHI: Display: Queue Family 0: Supports Present
[2026.05.09-15.32.10:580][  0]LogVulkanRHI: Display: Found 4 Surface present modes:
[2026.05.09-15.32.10:580][  0]LogVulkanRHI: Display: - VK_PRESENT_MODE_FIFO_KHR (2)
[2026.05.09-15.32.10:580][  0]LogVulkanRHI: Display: - VK_PRESENT_MODE_FIFO_RELAXED_KHR (3)
[2026.05.09-15.32.10:580][  0]LogVulkanRHI: Display: - VK_PRESENT_MODE_MAILBOX_KHR (1)
[2026.05.09-15.32.10:580][  0]LogVulkanRHI: Display: - VK_PRESENT_MODE_IMMEDIATE_KHR (0)
[2026.05.09-15.32.10:582][  0]LogVulkanRHI: Display: Selected VkPresentModeKHR mode 1
[2026.05.09-15.32.10:582][  0]LogVulkanRHI: Creating new VK swapchain with present mode 1, format 64, color space 0, num images 3
[2026.05.09-15.32.10:600][  0]LogShaderLibrary: Display: Using ../../../FSOnline/Content/ShaderArchive-FSOnline-SF_VULKAN_SM5.ushaderbytecode for material shader code. Total 3051 unique shaders.
[2026.05.09-15.32.10:600][  0]LogShaderLibrary: Display: Cooked Context: Using Shared Shader Library FSOnline
[2026.05.09-15.32.10:600][  0]LogShaderLibrary: Display: Logical shader library 'FSOnline' has been created, components 1
[2026.05.09-15.32.10:600][  0]LogRHI: Display: Opened pipeline cache after state change and enqueued 0 of 0 tasks for precompile.
[2026.05.09-15.32.10:600][  0]LogShaderLibrary: Display: Using ../../../FSOnline/Content/ShaderArchive-FSOnline-SF_VULKAN_SM5.ushaderbytecode for material shader code. Total 3051 unique shaders.
[2026.05.09-15.32.10:600][  0]LogShaderLibrary: Display: Cooked Context: Using Shared Shader Library FSOnline
[2026.05.09-15.32.10:600][  0]LogRHI: Display: Opened pipeline cache after state change and enqueued 0 of 0 tasks for precompile.
[2026.05.09-15.32.10:600][  0]LogRHI: Display: Failed to open default shader pipeline cache for FSOnline using shader platform 20.
[2026.05.09-15.32.10:600][  0]LogRHI: Display: Failed to open default shader pipeline cache for FSOnline using shader platform 20.
[2026.05.09-15.32.10:600][  0]LogInit: Using OS detected language (en-US).
[2026.05.09-15.32.10:600][  0]LogInit: Using OS detected locale (en-GB).
[2026.05.09-15.32.10:600][  0]LogTextLocalizationManager: No localization for 'en-US' exists, so 'en' will be used for the language.
[2026.05.09-15.32.10:600][  0]LogTextLocalizationManager: No localization for 'en-GB' exists, so 'en' will be used for the locale.
[2026.05.09-15.32.10:600][  0]LogSlate: FontCache flush requested. Reason: Culture for localization was changed
[2026.05.09-15.32.10:600][  0]LogSlate: FontCache flush requested. Reason: Culture for localization was changed
[2026.05.09-15.32.10:601][  0]LogAssetRegistry: FAssetRegistry took 0.0006 seconds to start up
[2026.05.09-15.32.10:654][  0]LogTextLocalizationManager: Compacting localization data took   0.91ms
[2026.05.09-15.32.10:654][  0]LogStreaming: Display: FlushAsyncLoading: 1 QueuedPackages, 0 AsyncPackages
[2026.05.09-15.32.10:654][  0]LogPackageLocalizationCache: Processed 25 localized package path(s) for 1 prioritized culture(s) in 0.000066 seconds
[2026.05.09-15.32.10:658][  0]LogSerialization: Display: AllowBulkDataInIoStore: 'true'
[2026.05.09-15.32.10:659][  0]LogInit: Selected Device Profile: [WindowsNoEditor]
[2026.05.09-15.32.10:659][  0]LogInit: Active device profile: [000002340EF18D40][00000234674D0010 49] WindowsNoEditor
[2026.05.09-15.32.10:659][  0]LogInit: Profiles: [000002340EF19040][000002347FDF0010 49] Windows, [000002340EF18D40][00000234674D0010 49] WindowsNoEditor, 
[2026.05.09-15.32.10:669][  0]LogNetVersion: FSOnline 1.0.0, NetCL: 17155196, EngineNetVer: 17, GameNetVer: 0 (Checksum: 2932841355)
[2026.05.09-15.32.10:729][  0]LogAudioCaptureCore: Display: No Audio Capture implementations found. Audio input will be silent.
[2026.05.09-15.32.10:729][  0]LogAudioCaptureCore: Display: No Audio Capture implementations found. Audio input will be silent.
[2026.05.09-15.32.10:741][  0]LogMoviePlayer: Initializing movie player
[2026.05.09-15.32.10:742][  0]LogTemp: StartupModule: AirSim plugin
[2026.05.09-15.32.10:742][  0]LogNiagaraDebuggerClient: Niagara Debugger Client Initialized | Session: 88EE46F94F4CEEC1FD0B6E9FDD14485A | Instance: 0B308BC34A87886E794C87B158776B13 (MSI-5804).
[2026.05.09-15.32.10:743][  0]LogAndroidPermission: UAndroidPermissionCallbackProxy::GetInstance
[2026.05.09-15.32.10:745][  0]LogUObjectArray: 16088 objects as part of root set at end of initial load.
[2026.05.09-15.32.10:745][  0]LogUObjectArray: 2 objects are not in the root set, but can never be destroyed because they are in the DisregardForGC set.
[2026.05.09-15.32.10:745][  0]LogUObjectAllocator: 3377512 out of 0 bytes used by permanent object pool.
[2026.05.09-15.32.10:745][  0]LogUObjectArray: CloseDisregardForGC: 16088/16088 objects in disregard for GC pool
[2026.05.09-15.32.10:747][  0]LogEngine: Initializing Engine...
[2026.05.09-15.32.10:748][  0]LogHMD: Failed to enumerate extensions. Please check that you have a valid OpenXR runtime installed.
[2026.05.09-15.32.10:748][  0]LogStats: UGameplayTagsManager::InitializeManager -  0.000 s
[2026.05.09-15.32.10:803][  0]LogInit: Initializing FReadOnlyCVARCache
[2026.05.09-15.32.10:803][  0]LogAudio: Display: Initializing Audio Device Manager...
[2026.05.09-15.32.10:803][  0]LogAudio: Display: Loading Default Audio Settings Objects...
[2026.05.09-15.32.10:804][  0]LogAudio: Display: No default SoundConcurrencyObject specified (or failed to load).
[2026.05.09-15.32.10:804][  0]LogAudio: Display: Audio Device Manager Initialized
[2026.05.09-15.32.10:804][  0]LogAudio: Display: Creating Audio Device:                 Id: 1, Scope: Shared, Realtime: True
[2026.05.09-15.32.10:804][  0]LogAudioMixer: Display: Audio Mixer Platform Settings:
[2026.05.09-15.32.10:804][  0]LogAudioMixer: Display: 	Sample Rate:						  48000
[2026.05.09-15.32.10:804][  0]LogAudioMixer: Display: 	Callback Buffer Frame Size Requested: 1024
[2026.05.09-15.32.10:804][  0]LogAudioMixer: Display: 	Callback Buffer Frame Size To Use:	  1024
[2026.05.09-15.32.10:804][  0]LogAudioMixer: Display: 	Number of buffers to queue:			  1
[2026.05.09-15.32.10:804][  0]LogAudioMixer: Display: 	Max Channels (voices):				  0
[2026.05.09-15.32.10:804][  0]LogAudioMixer: Display: 	Number of Async Source Workers:		  4
[2026.05.09-15.32.10:804][  0]LogAudio: Display: AudioDevice MaxSources: 32
[2026.05.09-15.32.10:804][  0]LogAudio: Display: Audio Spatialization Plugin: None (built-in).
[2026.05.09-15.32.10:804][  0]LogAudio: Display: Audio Reverb Plugin: None (built-in).
[2026.05.09-15.32.10:804][  0]LogAudio: Display: Audio Occlusion Plugin: None (built-in).
[2026.05.09-15.32.10:804][  0]LogAudioMixer: Display: Initializing audio mixer.
[2026.05.09-15.32.10:807][  0]LogAudioDebug: Display: Lib vorbis DLL was dynamically loaded.
[2026.05.09-15.32.10:814][  0]LogAudioMixer: Display: 0: FrontLeft
[2026.05.09-15.32.10:814][  0]LogAudioMixer: Display: 1: FrontRight
[2026.05.09-15.32.11:524][  0]LogAudioMixer: Display: Using Audio Device Speakers (Realtek(R) Audio)
[2026.05.09-15.32.11:524][  0]LogAudioMixer: Display: Initializing Sound Submixes...
[2026.05.09-15.32.11:525][  0]LogAudioMixer: Display: Creating Master Submix 'MasterSubmixDefault'
[2026.05.09-15.32.11:525][  0]LogAudioMixer: Display: Creating Master Submix 'MasterReverbSubmixDefault'
[2026.05.09-15.32.11:526][  0]LogAudioMixer: Display: Creating Master Submix 'MasterEQSubmixDefault'
[2026.05.09-15.32.11:526][  0]LogAudioMixer: FMixerPlatformXAudio2::StartAudioStream() called
[2026.05.09-15.32.11:526][  0]LogAudioMixer: Display: Output buffers initialized: Frames=1024, Channels=2, Samples=2048
[2026.05.09-15.32.11:527][  0]LogAudioMixer: Display: Starting AudioMixerPlatformInterface::RunInternal()
[2026.05.09-15.32.11:527][  0]LogAudioMixer: Display: FMixerPlatformXAudio2::SubmitBuffer() called for the first time
[2026.05.09-15.32.11:527][  0]LogInit: FAudioDevice initialized.
[2026.05.09-15.32.11:527][  0]LogNetVersion: Set ProjectVersion to 2.2.0. Version Checksum will be recalculated on next use.
[2026.05.09-15.32.11:527][  0]LogInit: Texture streaming: Enabled
[2026.05.09-15.32.11:530][  0]LogAudio: Display: Audio Device (ID: 1) registered with world 'Untitled'.
[2026.05.09-15.32.11:530][  0]LogSlate: Updating window title bar state: overlay mode, drag disabled, window buttons hidden, title bar hidden
[2026.05.09-15.32.11:531][  0]LogInit: Display: Game Engine Initialized.
[2026.05.09-15.32.11:531][  0]LogInit: Display: Starting Game.
[2026.05.09-15.32.11:531][  0]LogNet: Browse: /AirSim/MainMenuLevel?Name=Player
[2026.05.09-15.32.11:531][  0]LogLoad: LoadMap: /AirSim/MainMenuLevel?Name=Player
[2026.05.09-15.32.11:531][  0]LogWorld: BeginTearingDown for /Temp/Untitled_0
[2026.05.09-15.32.11:531][  0]LogWorld: UWorld::CleanupWorld for Untitled, bSessionEnded=true, bCleanupResources=true
[2026.05.09-15.32.11:531][  0]LogSlate: InvalidateAllWidgets triggered.  All widgets were invalidated
[2026.05.09-15.32.11:534][  0]LogAudio: Display: Audio Device unregistered from world 'None'.
[2026.05.09-15.32.11:535][  0]LogUObjectHash: Compacting FUObjectHashTables data took   0.53ms
[2026.05.09-15.32.11:539][  0]LogAudio: Display: Audio Device (ID: 1) registered with world 'MainMenuLevel'.
[2026.05.09-15.32.11:540][  0]LogAIModule: Creating AISystem for world MainMenuLevel
[2026.05.09-15.32.11:540][  0]LogLoad: Game class is 'GameMode'
[2026.05.09-15.32.11:541][  0]LogWorld: Bringing World /AirSim/MainMenuLevel.MainMenuLevel up for play (max tick rate 0) at 2026.05.09-16.32.11
[2026.05.09-15.32.11:541][  0]LogWorld: Bringing up level for play took: 0.000248
[2026.05.09-15.32.11:541][  0]LogGameMode: FindPlayerStart: PATHS NOT DEFINED or NO PLAYERSTART with positive rating
[2026.05.09-15.32.11:543][  0]LogGameMode: Display: Match State Changed from EnteringMap to WaitingToStart
[2026.05.09-15.32.11:543][  0]LogGameState: Match State Changed from EnteringMap to WaitingToStart
[2026.05.09-15.32.11:543][  0]LogGameMode: Display: Match State Changed from WaitingToStart to InProgress
[2026.05.09-15.32.11:544][  0]LogPlayerController: Error: InputMode:UIOnly - Attempting to focus Non-Focusable widget SObjectWidget [Widget.cpp(799)]!
[2026.05.09-15.32.11:544][  0]LogGameState: Match State Changed from WaitingToStart to InProgress
[2026.05.09-15.32.11:544][  0]LogLoad: Took 0.012419 seconds to LoadMap(/AirSim/MainMenuLevel)
[2026.05.09-15.32.11:545][  0]LogSlate: Took 0.000797 seconds to synchronously load lazily loaded font '../../../Engine/Content/EngineFonts/Faces/RobotoBold.ufont' (160K)
[2026.05.09-15.32.11:546][  0]LogSlate: Took 0.000714 seconds to synchronously load lazily loaded font '../../../Engine/Content/Slate/Fonts/Roboto-Regular.ttf' (155K)
[2026.05.09-15.32.11:566][  0]LogRenderer: Reallocating scene render targets to support 1280x800 Format 10 NumSamples 1 (Frame:1).
[2026.05.09-15.32.11:566][  0]LogRHI: Display: ShaderPipelineCache: Paused Batching. 1
[2026.05.09-15.32.11:566][  0]LogPakFile: AllPaks IndexSizes: DirectoryHashSize=280312, PathHashSize=16, EntriesSize=90112, TotalSize=370440
[2026.05.09-15.32.11:566][  0]LogRHI: Display: ShaderPipelineCache: Resumed Batching. 0
[2026.05.09-15.32.11:566][  0]LogRHI: Display: ShaderPipelineCache: Batching Resumed.
[2026.05.09-15.32.11:566][  0]LogInit: Display: Engine is initialized. Leaving FEngineLoop::Init()
[2026.05.09-15.32.11:566][  0]LogLoad: (Engine Initialization) Total time: 3.38 seconds
[2026.05.09-15.32.11:591][  0]LogContentStreaming: Texture pool size now 1000 MB
[2026.05.09-15.32.11:620][  0]LogVulkanRHI: Creating new VK swapchain with present mode 0, format 64, color space 0, num images 3
[2026.05.09-15.32.11:631][  0]LogSlate: InvalidateAllWidgets triggered.  All widgets were invalidated
[2026.05.09-15.32.11:663][  0]LogSlate: Slate font cache was flushed
[2026.05.09-15.32.11:665][  1]LogSlate: Took 0.000735 seconds to synchronously load lazily loaded font '../../../Engine/Content/Slate/Fonts/Roboto-Regular.ttf' (155K)
[2026.05.09-15.32.11:667][  1]LogSlate: Took 0.000661 seconds to synchronously load lazily loaded font '../../../Engine/Content/EngineFonts/Faces/RobotoBold.ufont' (160K)
[2026.05.09-15.32.13:324][561]LogGameMode: Display: Match State Changed from InProgress to LeavingMap
[2026.05.09-15.32.13:324][561]LogGameState: Match State Changed from InProgress to LeavingMap
[2026.05.09-15.32.13:324][561]LogNet: Browse: /Game/TrainingMap
[2026.05.09-15.32.13:324][561]LogLoad: LoadMap: /Game/TrainingMap
[2026.05.09-15.32.13:324][561]LogWorld: BeginTearingDown for /AirSim/MainMenuLevel
[2026.05.09-15.32.13:324][561]LogWorld: UWorld::CleanupWorld for MainMenuLevel, bSessionEnded=true, bCleanupResources=true
[2026.05.09-15.32.13:324][561]LogSlate: InvalidateAllWidgets triggered.  All widgets were invalidated
[2026.05.09-15.32.13:360][561]LogAudio: Display: Waited 35.101398 ms for audio thread.
[2026.05.09-15.32.13:360][561]LogAudio: Display: Waited 35.755299 ms for audio thread.
[2026.05.09-15.32.13:361][561]LogAudio: Display: Audio Device unregistered from world 'None'.
[2026.05.09-15.32.13:362][561]LogUObjectHash: Compacting FUObjectHashTables data took   0.34ms
[2026.05.09-15.32.13:364][561]LogStreaming: Display: FlushAsyncLoading: 1 QueuedPackages, 0 AsyncPackages
[2026.05.09-15.32.13:395][561]LogAudio: Display: Audio Device (ID: 1) registered with world 'TrainingMap'.
[2026.05.09-15.32.13:396][561]LogAIModule: Creating AISystem for world TrainingMap
[2026.05.09-15.32.13:396][561]LogLoad: Game class is 'AirSimGameMode'
[2026.05.09-15.32.13:400][561]LogPhysics: Warning: Scale for /Game/TrainingMap.TrainingMap:PersistentLevel.StartFinishLine.Start/Finish Line has a component set to zero, which will result in a bad body instance. Scale:X=0.000 Y=24.000 Z=1.000
[2026.05.09-15.32.13:402][561]LogWorld: Bringing World /Game/TrainingMap.TrainingMap up for play (max tick rate 0) at 2026.05.09-16.32.13
[2026.05.09-15.32.13:402][561]LogWorld: Bringing up level for play took: 0.006010
[2026.05.09-15.32.13:404][561]LogBlueprintUserMessages: [spline_cones_best_200] Track spline length: 38239.976562
[2026.05.09-15.32.13:404][561]LogBlueprintUserMessages: [spline_cones_best_200] Track number of cones 190
[2026.05.09-15.32.13:405][561]LogActor: Warning: BP_CameraDirector_C /Game/TrainingMap.TrainingMap:PersistentLevel.CameraDirector has natively added scene component(s), but none of them were set as the actor's RootComponent - picking one arbitrarily
[2026.05.09-15.32.13:679][561]LogPakFile: Precache HighWater 16MB

[2026.05.09-15.32.13:679][561]LogPakFile: Precache HighWater 32MB

[2026.05.09-15.32.13:679][561]LogPawn: Error: EnableInput can only be specified on a Pawn for its Controller
[2026.05.09-15.32.13:705][561]LogScript: Warning: Script Msg: Attempted to access index 0 from array 'CallFunc_GetAllActorsOfClass_OutActors' of length 0 in '/AirSim/Weather/WeatherFX/WeatherActor.WeatherActor_C:ExecuteUbergraph_WeatherActor'!
[2026.05.09-15.32.13:713][561]r.CustomDepth = "3"
[2026.05.09-15.32.13:714][561]LogViewport: Display: Viewport HideCursorDuringCapture Changed, False -> True
[2026.05.09-15.32.13:714][561]LogViewport: Display: Viewport MouseCaptureMode Changed, NoCapture -> CaptureDuringMouseDown
[2026.05.09-15.32.13:717][561]LogLoad: Took 0.392768 seconds to LoadMap(/Game/TrainingMap)
[2026.05.09-15.33.00:504][972]LogSlate: Request Window 'Formula Student Driverless Simulator Formula Student Driverless Simulator (debug) ' being destroyed
[2026.05.09-15.33.00:524][972]LogSlate: Window 'Formula Student Driverless Simulator Formula Student Driverless Simulator (debug) ' being destroyed
[2026.05.09-15.33.00:544][972]LogWindowsTextInputMethodSystem: Display: IME system deactivated.
[2026.05.09-15.33.00:555][972]LogSlate: Updating window title bar state: overlay mode, drag disabled, window buttons hidden, title bar hidden
[2026.05.09-15.33.00:555][972]LogEngine: All Windows Closed
[2026.05.09-15.33.00:555][972]LogWindows: FPlatformMisc::RequestExit(0)
[2026.05.09-15.33.00:555][972]LogWindows: FPlatformMisc::RequestExitWithStatus(0, 0)
[2026.05.09-15.33.00:555][972]LogCore: Engine exit requested (reason: Win RequestExit)
[2026.05.09-15.33.00:555][973]LogCore: Engine exit requested (reason: EngineExit() was called; note: exit was already requested)
[2026.05.09-15.33.00:555][973]LogInit: Display: PreExit Game.
[2026.05.09-15.33.00:582][973]LogWorld: BeginTearingDown for /Game/TrainingMap
[2026.05.09-15.33.00:585][973]LogWorld: UWorld::CleanupWorld for TrainingMap, bSessionEnded=true, bCleanupResources=true
[2026.05.09-15.33.00:617][973]LogSlate: InvalidateAllWidgets triggered.  All widgets were invalidated
[2026.05.09-15.33.00:777][973]LogAudio: Display: Beginning Audio Device Manager Shutdown (Module: AudioMixerXAudio2)...
[2026.05.09-15.33.00:777][973]LogAudio: Display: Destroying 1 Remaining Audio Device(s)...
[2026.05.09-15.33.00:777][973]LogAudio: Display: Audio Device unregistered from world 'TrainingMap'.
[2026.05.09-15.33.00:778][973]LogAudioMixer: FMixerPlatformXAudio2::StopAudioStream() called
[2026.05.09-15.33.00:778][973]LogAudioMixer: FMixerPlatformXAudio2::StopAudioStream() called
[2026.05.09-15.33.00:798][973]LogAudio: Display: Audio Device Manager Shutdown
[2026.05.09-15.33.00:811][973]LogExit: Preparing to exit.
[2026.05.09-15.33.00:812][973]LogMoviePlayer: Shutting down movie player
[2026.05.09-15.33.00:822][973]LogSlate: Updating window title bar state: overlay mode, drag disabled, window buttons hidden, title bar hidden
[2026.05.09-15.33.00:832][973]LogDemo: Cleaned up 0 splitscreen connections with owner deletion
[2026.05.09-15.33.00:836][973]LogExit: Game engine shut down
[2026.05.09-15.33.00:972][973]LogExit: Object subsystem successfully closed.
[2026.05.09-15.33.01:018][973]LogModuleManager: Shutting down and abandoning module AutomationController (350)
[2026.05.09-15.33.01:018][973]LogModuleManager: Shutting down and abandoning module AutomationWorker (348)
[2026.05.09-15.33.01:018][973]LogModuleManager: Shutting down and abandoning module Voice (346)
[2026.05.09-15.33.01:019][973]LogModuleManager: Shutting down and abandoning module AIModule (344)
[2026.05.09-15.33.01:019][973]LogModuleManager: Shutting down and abandoning module GameplayDebugger (343)
[2026.05.09-15.33.01:019][973]LogModuleManager: Shutting down and abandoning module NavigationSystem (341)
[2026.05.09-15.33.01:019][973]LogModuleManager: Shutting down and abandoning module WebMMediaFactory (338)
[2026.05.09-15.33.01:019][973]LogModuleManager: Shutting down and abandoning module WebMMedia (336)
[2026.05.09-15.33.01:019][973]LogModuleManager: Shutting down and abandoning module OpenXRInput (334)
[2026.05.09-15.33.01:019][973]LogModuleManager: Shutting down and abandoning module WmfMediaFactory (332)
[2026.05.09-15.33.01:019][973]LogModuleManager: Shutting down and abandoning module OpenExrWrapper (330)
[2026.05.09-15.33.01:019][973]LogModuleManager: Shutting down and abandoning module ImgMediaFactory (328)
[2026.05.09-15.33.01:019][973]LogModuleManager: Shutting down and abandoning module AvfMediaFactory (326)
[2026.05.09-15.33.01:019][973]LogModuleManager: Shutting down and abandoning module CharacterAI (324)
[2026.05.09-15.33.01:019][973]LogModuleManager: Shutting down and abandoning module PlanarCut (322)
[2026.05.09-15.33.01:019][973]LogModuleManager: Shutting down and abandoning module SessionServices (320)
[2026.05.09-15.33.01:019][973]LogModuleManager: Shutting down and abandoning module LiveCoding (318)
[2026.05.09-15.33.01:019][973]LogModuleManager: Shutting down and abandoning module LevelSequence (316)
[2026.05.09-15.33.01:019][973]LogModuleManager: Shutting down and abandoning module MovieSceneTracks (314)
[2026.05.09-15.33.01:019][973]LogModuleManager: Shutting down and abandoning module MovieScene (312)
[2026.05.09-15.33.01:020][973]LogModuleManager: Shutting down and abandoning module StreamingPauseRendering (310)
[2026.05.09-15.33.01:020][973]LogModuleManager: Shutting down and abandoning module AudioMixerXAudio2 (308)
[2026.05.09-15.33.01:020][973]LogModuleManager: Shutting down and abandoning module AudioMixerCore (307)
[2026.05.09-15.33.01:020][973]LogModuleManager: Shutting down and abandoning module ImageWriteQueue (304)
[2026.05.09-15.33.01:023][973]LogModuleManager: Shutting down and abandoning module ProfilerService (302)
[2026.05.09-15.33.01:103][973]LogModuleManager: Shutting down and abandoning module TaskGraph (300)
[2026.05.09-15.33.01:104][973]LogModuleManager: Shutting down and abandoning module Synthesis (298)
[2026.05.09-15.33.01:104][973]LogModuleManager: Shutting down and abandoning module TakeMovieScene (296)
[2026.05.09-15.33.01:104][973]LogModuleManager: Shutting down and abandoning module LiveLinkMovieScene (294)
[2026.05.09-15.33.01:104][973]LogModuleManager: Shutting down and abandoning module LiveLinkComponents (292)
[2026.05.09-15.33.01:104][973]LogModuleManager: Shutting down and abandoning module LiveLink (290)
[2026.05.09-15.33.01:775][973]LogModuleManager: Shutting down and abandoning module MobilePatchingUtils (288)
[2026.05.09-15.33.01:775][973]LogModuleManager: Shutting down and abandoning module GooglePAD (286)
[2026.05.09-15.33.01:775][973]LogModuleManager: Shutting down and abandoning module CustomMeshComponent (284)
[2026.05.09-15.33.01:776][973]LogModuleManager: Shutting down and abandoning module CableComponent (282)
[2026.05.09-15.33.01:776][973]LogModuleManager: Shutting down and abandoning module AudioCapture (280)
[2026.05.09-15.33.01:776][973]LogModuleManager: Shutting down and abandoning module AudioCaptureRtAudio (279)
[2026.05.09-15.33.01:776][973]LogModuleManager: Shutting down and abandoning module AssetTags (276)
[2026.05.09-15.33.01:776][973]LogModuleManager: Shutting down and abandoning module ArchVisCharacter (274)
[2026.05.09-15.33.01:776][973]LogModuleManager: Shutting down and abandoning module AppleImageUtils (272)
[2026.05.09-15.33.01:776][973]LogModuleManager: Shutting down and abandoning module AndroidPermission (270)
[2026.05.09-15.33.01:776][973]LogModuleManager: Shutting down and abandoning module ActorLayerUtilities (268)
[2026.05.09-15.33.01:776][973]LogModuleManager: Shutting down and abandoning module MediaCompositing (266)
[2026.05.09-15.33.01:776][973]LogModuleManager: Shutting down and abandoning module ImgMedia (264)
[2026.05.09-15.33.01:776][973]LogModuleManager: Shutting down and abandoning module MagicLeapLightEstimation (262)
[2026.05.09-15.33.01:776][973]LogModuleManager: Shutting down and abandoning module MagicLeapHelperVulkan (260)
[2026.05.09-15.33.01:776][973]LogModuleManager: Shutting down and abandoning module MagicLeapHelperOpenGL (258)
[2026.05.09-15.33.01:776][973]LogModuleManager: Shutting down and abandoning module MagicLeapAudio (256)
[2026.05.09-15.33.01:776][973]LogModuleManager: Shutting down and abandoning module MagicLeapSharedWorld (254)
[2026.05.09-15.33.01:776][973]LogModuleManager: Shutting down and abandoning module OpenImageDenoise (252)
[2026.05.09-15.33.01:776][973]LogModuleManager: Shutting down and abandoning module MotoSynth (250)
[2026.05.09-15.33.01:776][973]LogModuleManager: Shutting down and abandoning module ChaosNiagara (248)
[2026.05.09-15.33.01:776][973]LogModuleManager: Shutting down and abandoning module ProceduralMeshComponent (246)
[2026.05.09-15.33.01:776][973]LogModuleManager: Shutting down and abandoning module GeometryCollectionTracks (244)
[2026.05.09-15.33.01:776][973]LogModuleManager: Shutting down and abandoning module EditableMesh (242)
[2026.05.09-15.33.01:776][973]LogModuleManager: Shutting down and abandoning module MeshConversion (240)
[2026.05.09-15.33.01:776][973]LogModuleManager: Shutting down and abandoning module DynamicMesh (238)
[2026.05.09-15.33.01:776][973]LogModuleManager: Shutting down and abandoning module GeometryAlgorithms (236)
[2026.05.09-15.33.01:776][973]LogModuleManager: Shutting down and abandoning module GeometricObjects (234)
[2026.05.09-15.33.01:776][973]LogModuleManager: Shutting down and abandoning module BackChannel (232)
[2026.05.09-15.33.01:776][973]LogModuleManager: Shutting down and abandoning module AutomationUtils (230)
[2026.05.09-15.33.01:776][973]LogModuleManager: Shutting down and abandoning module GeometryCacheTracks (228)
[2026.05.09-15.33.01:776][973]LogModuleManager: Shutting down and abandoning module GeometryCache (226)
[2026.05.09-15.33.01:776][973]LogModuleManager: Shutting down and abandoning module UObjectPlugin (224)
[2026.05.09-15.33.01:776][973]LogModuleManager: Shutting down and abandoning module OodleNetworkHandlerComponent (222)
[2026.05.09-15.33.01:776][973]LogModuleManager: Shutting down and abandoning module TemplateSequence (220)
[2026.05.09-15.33.01:776][973]LogModuleManager: Shutting down and abandoning module Blocks (218)
[2026.05.09-15.33.01:777][973]LogModuleManager: Shutting down and abandoning module AudioSynesthesia (216)
[2026.05.09-15.33.01:777][973]LogModuleManager: Shutting down and abandoning module AudioSynesthesiaCore (214)
[2026.05.09-15.33.01:777][973]LogModuleManager: Shutting down and abandoning module SoundFields (212)
[2026.05.09-15.33.01:777][973]LogModuleManager: Shutting down and abandoning module RuntimePhysXCooking (210)
[2026.05.09-15.33.01:777][973]LogModuleManager: Shutting down and abandoning module LocationServicesBPLibrary (208)
[2026.05.09-15.33.01:777][973]LogModuleManager: Shutting down and abandoning module ActorSequence (206)
[2026.05.09-15.33.01:777][973]LogModuleManager: Shutting down and abandoning module UdpMessaging (204)
[2026.05.09-15.33.01:777][973]LogModuleManager: Shutting down and abandoning module TcpMessaging (202)
[2026.05.09-15.33.01:777][973]LogModuleManager: Shutting down and abandoning module ImgMediaEngine (200)
[2026.05.09-15.33.01:777][973]LogModuleManager: Shutting down and abandoning module MagicLeapHandMeshing (198)
[2026.05.09-15.33.01:777][973]LogModuleManager: Shutting down and abandoning module MagicLeapSecureStorage (196)
[2026.05.09-15.33.01:777][973]LogModuleManager: Shutting down and abandoning module MagicLeapPrivileges (194)
[2026.05.09-15.33.01:777][973]LogModuleManager: Shutting down and abandoning module MagicLeapPlanes (192)
[2026.05.09-15.33.01:777][973]LogModuleManager: Shutting down and abandoning module MagicLeapImageTracker (190)
[2026.05.09-15.33.01:777][973]LogModuleManager: Shutting down and abandoning module MagicLeapIdentity (188)
[2026.05.09-15.33.01:777][973]LogModuleManager: Shutting down and abandoning module MagicLeapHandTracking (186)
[2026.05.09-15.33.01:777][973]LogModuleManager: Shutting down and abandoning module MagicLeapEyeTracker (184)
[2026.05.09-15.33.01:777][973]LogModuleManager: Shutting down and abandoning module MagicLeapController (182)
[2026.05.09-15.33.01:777][973]LogModuleManager: Shutting down and abandoning module MagicLeapARPinImpl (180)
[2026.05.09-15.33.01:777][973]LogModuleManager: Shutting down and abandoning module MagicLeapAR (178)
[2026.05.09-15.33.01:777][973]LogModuleManager: Shutting down and abandoning module MagicLeapARPin (176)
[2026.05.09-15.33.01:777][973]LogModuleManager: Shutting down and abandoning module NiagaraAnimNotifies (174)
[2026.05.09-15.33.01:777][973]LogModuleManager: Shutting down and abandoning module Niagara (172)
[2026.05.09-15.33.01:777][973]LogModuleManager: Shutting down and abandoning module SignalProcessing (171)
[2026.05.09-15.33.01:777][973]LogModuleManager: Shutting down and abandoning module NiagaraCore (168)
[2026.05.09-15.33.01:777][973]LogModuleManager: Shutting down and abandoning module FacialAnimation (166)
[2026.05.09-15.33.01:777][973]LogModuleManager: Shutting down and abandoning module SignificanceManager (164)
[2026.05.09-15.33.01:777][973]LogModuleManager: Shutting down and abandoning module AnimationSharing (162)
[2026.05.09-15.33.01:778][973]LogModuleManager: Shutting down and abandoning module GameplayCameras (160)
[2026.05.09-15.33.01:778][973]LogModuleManager: Shutting down and abandoning module LightPropagationVolumeRuntime (158)
[2026.05.09-15.33.01:778][973]LogModuleManager: Shutting down and abandoning module Paper2D (156)
[2026.05.09-15.33.01:778][973]LogModuleManager: Shutting down and abandoning module AirSim (152)
[2026.05.09-15.33.01:778][973]LogModuleManager: Shutting down and abandoning module WindowsMoviePlayer (150)
[2026.05.09-15.33.01:780][973]LogModuleManager: Shutting down and abandoning module WebMMoviePlayer (148)
[2026.05.09-15.33.01:780][973]LogModuleManager: Shutting down and abandoning module NetworkReplayStreaming (146)
[2026.05.09-15.33.01:780][973]LogModuleManager: Shutting down and abandoning module PacketHandler (144)
[2026.05.09-15.33.01:780][973]LogModuleManager: Shutting down and abandoning module ClothingSystemRuntimeNv (142)
[2026.05.09-15.33.01:780][973]LogModuleManager: Shutting down and abandoning module MediaAssets (140)
[2026.05.09-15.33.01:780][973]LogModuleManager: Shutting down and abandoning module Overlay (138)
[2026.05.09-15.33.01:780][973]LogModuleManager: Shutting down and abandoning module FunctionalTesting (136)
[2026.05.09-15.33.01:780][973]LogModuleManager: Shutting down and abandoning module MessageLog (134)
[2026.05.09-15.33.01:780][973]LogModuleManager: Shutting down and abandoning module UMG (132)
[2026.05.09-15.33.01:780][973]LogModuleManager: Shutting down and abandoning module SlateReflector (130)
[2026.05.09-15.33.01:780][973]LogModuleManager: Shutting down and abandoning module Slate (128)
[2026.05.09-15.33.01:780][973]LogModuleManager: Shutting down and abandoning module SlateCore (126)
[2026.05.09-15.33.01:782][973]LogModuleManager: Shutting down and abandoning module MRMesh (124)
[2026.05.09-15.33.01:782][973]LogModuleManager: Shutting down and abandoning module Messaging (122)
[2026.05.09-15.33.01:782][973]LogModuleManager: Shutting down and abandoning module HeadMountedDisplay (120)
[2026.05.09-15.33.01:782][973]LogModuleManager: Shutting down and abandoning module XAudio2 (118)
[2026.05.09-15.33.01:782][973]LogModuleManager: Shutting down and abandoning module Networking (116)
[2026.05.09-15.33.01:782][973]LogModuleManager: Shutting down and abandoning module Core (114)
[2026.05.09-15.33.01:782][973]LogModuleManager: Shutting down and abandoning module FieldSystemEngine (112)
[2026.05.09-15.33.01:782][973]LogModuleManager: Shutting down and abandoning module ImageWrapper (108)
[2026.05.09-15.33.01:782][973]LogModuleManager: Shutting down and abandoning module VulkanRHI (106)
[2026.05.09-15.33.01:782][973]LogModuleManager: Shutting down and abandoning module InputCore (104)
[2026.05.09-15.33.01:782][973]LogModuleManager: Shutting down and abandoning module Settings (102)
[2026.05.09-15.33.01:782][973]LogModuleManager: Shutting down and abandoning module PhysXCooking (100)
[2026.05.09-15.33.01:782][973]LogModuleManager: Shutting down and abandoning module Chaos (98)
[2026.05.09-15.33.01:782][973]LogModuleManager: Shutting down and abandoning module WindowsPlatformFeatures (96)
[2026.05.09-15.33.01:782][973]LogModuleManager: Shutting down and abandoning module GameplayMediaEncoder (95)
[2026.05.09-15.33.01:782][973]LogModuleManager: Shutting down and abandoning module AVEncoder (94)
[2026.05.09-15.33.01:783][973]LogModuleManager: Shutting down and abandoning module OpenXRHandTracking (90)
[2026.05.09-15.33.01:783][973]LogSlate: Slate User Destroyed.  User Index 0, Is Virtual User: 0
[2026.05.09-15.33.01:783][973]LogModuleManager: Shutting down and abandoning module OpenXRAR (88)
[2026.05.09-15.33.01:783][973]LogModuleManager: Shutting down and abandoning module AugmentedReality (87)
[2026.05.09-15.33.01:783][973]LogModuleManager: Shutting down and abandoning module OpenXRHMD (84)
[2026.05.09-15.33.01:783][973]LogModuleManager: Shutting down and abandoning module OpenXREyeTracker (82)
[2026.05.09-15.33.01:783][973]LogModuleManager: Shutting down and abandoning module ExampleDeviceProfileSelector (80)
[2026.05.09-15.33.01:783][973]LogModuleManager: Shutting down and abandoning module ChunkDownloader (78)
[2026.05.09-15.33.01:783][973]LogModuleManager: Shutting down and abandoning module LauncherChunkInstaller (76)
[2026.05.09-15.33.01:783][973]LogModuleManager: Shutting down and abandoning module OnlineSubsystem (72)
[2026.05.09-15.33.01:785][973]LogModuleManager: Shutting down and abandoning module HTTP (67)
[2026.05.09-15.33.01:785][973]LogHttp: Display: cleaning up 0 outstanding Http requests.
[2026.05.09-15.33.01:796][973]LogModuleManager: Shutting down and abandoning module SSL (66)
[2026.05.09-15.33.01:797][973]LogModuleManager: Shutting down and abandoning module WmfMedia (62)
[2026.05.09-15.33.01:798][973]LogModuleManager: Shutting down and abandoning module Media (61)
[2026.05.09-15.33.01:800][973]LogModuleManager: Shutting down and abandoning module MediaInfo (60)
[2026.05.09-15.33.01:800][973]LogModuleManager: Shutting down and abandoning module ExrReaderGpu (56)
[2026.05.09-15.33.01:800][973]LogModuleManager: Shutting down and abandoning module MLSDK (54)
[2026.05.09-15.33.01:800][973]LogModuleManager: Shutting down and abandoning module MagicLeap (52)
[2026.05.09-15.33.01:800][973]LogModuleManager: Shutting down and abandoning module NiagaraVertexFactories (50)
[2026.05.09-15.33.01:800][973]LogModuleManager: Shutting down and abandoning module NiagaraShader (48)
[2026.05.09-15.33.01:800][973]LogModuleManager: Shutting down and abandoning module ChaosCloth (46)
[2026.05.09-15.33.01:800][973]LogModuleManager: Shutting down and abandoning module VariantManagerContent (44)
[2026.05.09-15.33.01:800][973]LogModuleManager: Shutting down and abandoning module DatasmithContent (42)
[2026.05.09-15.33.01:800][973]LogModuleManager: Shutting down and abandoning module PixWinPlugin (40)
[2026.05.09-15.33.01:801][973]LogModuleManager: Shutting down and abandoning module AISupportModule (38)
[2026.05.09-15.33.01:801][973]LogModuleManager: Shutting down and abandoning module PlatformCryptoOpenSSL (36)
[2026.05.09-15.33.01:801][973]LogModuleManager: Shutting down and abandoning module PlatformCryptoTypes (34)
[2026.05.09-15.33.01:801][973]LogModuleManager: Shutting down and abandoning module PlatformCrypto (32)
[2026.05.09-15.33.01:801][973]LogModuleManager: Shutting down and abandoning module PythonScriptPluginPreload (30)
[2026.05.09-15.33.01:801][973]LogModuleManager: Shutting down and abandoning module OodleDataCompressionFormat (28)
[2026.05.09-15.33.01:801][973]LogModuleManager: Shutting down and abandoning module RenderCore (26)
[2026.05.09-15.33.01:801][973]LogModuleManager: Shutting down and abandoning module Landscape (24)
[2026.05.09-15.33.01:801][973]LogModuleManager: Shutting down and abandoning module SlateRHIRenderer (22)
[2026.05.09-15.33.01:805][973]LogModuleManager: Shutting down and abandoning module AnimGraphRuntime (20)
[2026.05.09-15.33.01:805][973]LogModuleManager: Shutting down and abandoning module Renderer (18)
[2026.05.09-15.33.01:805][973]LogModuleManager: Shutting down and abandoning module Engine (16)
[2026.05.09-15.33.01:805][973]LogModuleManager: Shutting down and abandoning module CoreUObject (14)
[2026.05.09-15.33.01:805][973]LogModuleManager: Shutting down and abandoning module NetworkFile (12)
[2026.05.09-15.33.01:805][973]LogModuleManager: Shutting down and abandoning module CookedIterativeFile (10)
[2026.05.09-15.33.01:805][973]LogModuleManager: Shutting down and abandoning module StreamingFile (8)
[2026.05.09-15.33.01:805][973]LogModuleManager: Shutting down and abandoning module SandboxFile (6)
[2026.05.09-15.33.01:805][973]LogModuleManager: Shutting down and abandoning module PakFile (4)
[2026.05.09-15.33.01:807][973]LogModuleManager: Shutting down and abandoning module RSA (3)
[2026.05.09-15.33.01:807][973]LogContentStreaming: Display: There are 1 unreleased StreamingManagers
[2026.05.09-15.33.02:095][973]LogExit: Exiting.
[2026.05.09-15.33.02:105][973]Log file closed, 05/09/26 16:33:02
